1243852904
1285777048
1287689096
1286462160
1285692680
1286120504
1211293320
1287345280
1286884336
1243851712
1201782864
1202233664
1287684176
1286460000
1287238720
1287338440
1285519872
1286121224
1210606168
1210611992
1202225080
1286380912
1286299072
1201788200
1286027736
1212088656
1285870048
1285509552
1203177208
1287248800
1287340600
1287322000
1286815816
1285424832
1285847248
1212340312
1287508968
1211291040
1287574496
1286733968
1287083544
1209992224
1204289360
1287667736
1286823376
1210624952
1286896552
1285360744
1285440912
1209403176
1210016880
1286119424
1286308192
1286993304
1286898616
1286736728
1285355344
1286984784
1285703720
1286216024
1286220104
1243877088
1286310232
1287676256
1285694480
1285517712
1285505112
1212351056
1286371552
1285435992
1287085704
1285435872
1285334224
1286726168
1285513152
1243865568
1204306160
1286808976
1287345520
1286022816
1286640128
1286211584
1209989944
1203161968
1209992104
1286802136
1285609640
1287575096
1202213320
1285765768
1212325792
1210017000
1202242960
1286644448
1204317920
1287260320
1212316488
1286654528
1286893576
1285845568
1286036256
1287590456
1204317320
1286377552
1202235824
1286311072
1202233904
1286634608
1285333504
1286297392
1211294040
1286909896
1212090936
1285879168
1209402576
1286017656
1285699040
1209398912
1202217584
1287687056
1286897176
1210018080
1287581696
1287691976
1243856264
1286646848
1212057816
1286650208
1212321056
1287239800
1286106584
1287058584
1243856024
1286105744
1285603040
1212317576
1286805736
1287415968
1285876768
1285779208
1287433488
1212092256
1287686096
1243856384
1287495288
1285602200
1286732288
1287688376
1287510648
1285612040
1286032176
1202242480
1287239320
1209999240
1286983464
1211286424
1285447152
1201794144
1212093096
1286742368
1286281432
1287408408
1286645528
1210587568
1286311432
1201811784
1211293080
1211287144
1202226640
1285447632
1209385416
1286729528
1286826376
1286802256
1287320800
1203193168
1286725448
1285852048
1287583256
1286030496
1204305440
1285531872
1203189808
1287603176
1203166832
1286981784
1202221184
1286904256
1212348296
1286907856
1287252760
1243855904
1286129144
1287344320
1209991744
1287322480
1201808000
1286904016
1285873408
1287323080
1286225264
1285868848
1286739728
1286982624
1286046216
1212057696
1287433248
1287081504
1287674936
1286466000
1286105864
1209383912
1285608920
1210022704
1286398432
1204312464
1286386792
1210020120
1286396032
1210595912
1287345400
1286474880
1287667016
1285349824
1286655608
1287236560
1285520592
1286300152
1286457840
1212349016
1286479560
1287494568
1285604120
1285763488
1286463120
1210598072
1287314080
1285791568
1212329992
1285682000
1287512808
1209414392
1286285032
1286037456
1212057336
1286283232
1285423152
1286631248
1287520248
1286372992
1243869224
1212077736
1287586496
1202219984
1287507648
1203161608
1285866208
1212327472
1286371912
1209983520
1286902456
1203192088
1286475600
1287332560
1287317320
1209989584
1243881408
1285339744
1285431192
1286460120
1285352344
1243882968
1287517128
1287420288
1209995344
1286803456
1209419856
1287343720
1204289240
1286192264
1287431072
1285845448
1286020176
1287342040
1287254320
1287234520
1286112584
1285515192
1286295592
1287331000
1285357504
1286205944
1286462520
1286900056
1285518312
1286451120
1210001880
1285859608
1286630168
1209393872
1212056376
1287406368
1286804536
1287684896
1286111384
1285868008
1243854584
1212344752
1287066384
1286283472
1286303992
1285602440
1286470560
1286978424
1285439592
1286027376
1285784368
1287320560
1286034336
1285868368
1287316720
1286381512
1287510888
1203170072
1210604368
1209414752
1286881456
1285447272
1201803680
1287000744
1286038776
1286036496
1287586976
1285779088
1286138384
1210587208
1287237280
1285766248
1286814136
1285430232
1201812024
1243879968
1287516288
1287336880
1287488568
1286635928
1285432032
1286897056
1203182552
1204290680
1286741048
1286637848
1285875328
1286387272
1285771288
1286736848
1286214104
1285336984
1286639288
1204311264
1286391592
1286367712
1203192328
1286390632
1285703000
1286727728
1285766968
1210017120
1285686440
1286128784
1285780408
1285439232
1286284072
1204299144
1285343584
1212328312
1209986040
1285616240
1285332424
1201786160
1212323992
1285683800
1210594712
1210607792
1286885176
1286630888
1285845928
1209983400
1285693760
1286283952
1287576176
1286969424
1209986880
1285880248
1202233784
1287662576
1287504168
1286914216
1287491928
1285346464
1285874008
1203191968
1285443792
1285600880
1285429512
1285525032
1285345984
1286134064
1287507048
1201792400
1286130824
1287676856
1287319960
1286818936
1285695920
1209990184
1210612352
1209386976
1286479800
1209377192
1202236424
1287402648
1286389672
1210611272
1201779384
1202232584
1286652848
1286208344
1285329784
1210020600
1287239080
1285879288
1286136464
1285593680
1203168392
1285696160
1204302680
1285851208
1286821816
1287666176
1212328552
1286369032
1287425208
1286825776
1287425928
1285703480
1285347304
1286901376
1286813536
1286638208
1286203424
1210024504
1285849648
1202222144
1286812416
1212072696
1201780344
1286393512
1287511128
1209989824
1286467080
1286128064
1286397352
1286279512
1286021616
1286020056
1204315464
1287586616
1286283592
1285414992
1287593576
1202236664
1202214160
1287586136
1286908216
1210000440
1286042136
1286652008
1285525512
1286039136
1201785680
1286024256
1286221064
1287588896
1209385776
1286477400
1286295112
1286104544
1287507528
1286377672
1210605448
1201813464
1203174808
1212064360
1285506312
1286639768
1286797936
1287233800
1212089016
1287316360
1202225800
1243865808
1286825176
1210010704
1210602208
1285614080
1287510048
1209377432
1287680936
1285417512
1285600640
1243882008
1286451840
1204303640
1287420048
1286892856
1212326512
1287062184
1201795464
1201790240
1285608440
1209401856
1286397112
1287580856
1210022104
1286998824
1285417632
1203175288
1287501888
1204294824
1287080784
1287422808
1285617440
1286909416
1286737688
1287581216
1243852424
1285873648
1286976744
1285867408
1209415712
1286892736
1287056664
1286801416
1286976024
1204294944
1286365432
1287667376
1285770088
1211281264
1285433112
1285344424
1285343464
1287087384
1285435032
1286045496
1243883088
1285432272
1285681280
1287063384
1285685240
1286106704
1286990184
1285526112
1286638088
1209380552
1285511112
1210624592
1287487008
1202226880
1285875688
1201782984
1287519888
1202230240
1285684880
1286461080
1286104424
1287260440
1286739608
1201792280
1286049696
1285523832
1285789168
1286805376
1201797144
1202211280
1243858672
1286382832
1210609112
1287230320
1204306520
1210599688
1210626392
1203180872
1285424232
1285349464
1286804416
1285595600
1286214584
1286295952
1209994624
1285856968
1201795344
1287592496
1286383672
1209383072
1286725928
1285787608
1287246520
1286214824
1201793424
1287417048
1210596392
1286979744
1287322240
1286647568
1212317336
1202246440
1203165744
1286019816
1286377312
1286973384
1210607912
1211290800
1286473680
1212076656
1286365552
1285873168
1204292544
1286211224
1285768528
1285420512
1287073824
1212320088
1287583616
1286387872
1287342880
1204314984
1209393512
1287002904
1202212720
1287593336
1286996064
1286478000
1286449920
1286035776
1204305080
1286803096
1286122184
1286111744
1286907136
1286799616
1286049336
1203161728
1286030976
1286191064
1285603160
1287492888
1243886152
1286278912
1286026776
1287680576
1286729408
1286646968
1286450520
1212353216
1209379472
1209396752
1210596032
1201800384
1286029416
1287496368
1285848568
1287402048
1285611440
1285531752
1285331224
1287237040
1287315760
1202230600
1201809744
1286989344
1286124824
1287668336
1210001280
1285340464
1204308984
1286641808
1285769008
1286301472
1285760848
1287687296
1243854944
1286303872
1285440552
1287259360
1202235464
1212091416
1285435752
1286484000
1211293680
1212098320
1285355224
1286132024
1285417272
1203173728
1286299432
1286394832
1201786520
1286826496
1209998640
1285430112
1285601000
1287512448
1286286712
1286473560
1286906776
1286122784
1286913496
1285706360
1287422088
1286453160
1286481120
1202243080
1285604240
1201793544
1286023056
1287419688
1287328840
1286379712
1286738048
1285331704
1204297824
1286398072
1287431928
1286993064
1285871608
1287404208
1210593272
1286203064
1210020480
1203190528
1285681160
1212353576
1286203304
1286289712
1287588416
1286121104
1286999424
1202242360
1287688136
1285416312
1204301840
1285527912
1287516528
1210002600
1201810584
1209416312
1286465280
1211287744
1285761688
1202241520
1211283304
1286194304
1286383072
1287665576
1286900176
1202214760
1287578816
1287582176
1212065440
1286219624
1286632328
1287663296
1286107184
1286207864
1201796784
1287674576
1287075744
1202227240
1201813224
1286363992
1285850008
1201791200
1210012504
1287076584
1209989704
1287412248
1285791328
1286980224
1287401808
1286908816
1286473800
1204297584
1286634488
1286052096
1286814976
1212318768
1287603896
1285846888
1285850728
1286476200
1286806096
1204289720
1203185672
1287249880
1286290792
1285617800
1286364832
1287337360
1286293552
1286655368
1287072624
1287404568
1286804896
1286455440
1285790728
1286040816
1287500928
1211284984
1285333024
1287068664
1287689336
1204304120
1286051616
1204303040
1201780704
1203171032
1287578336
1285605440
1287072744
1286450160
1287598616
1287332680
1285792168
1285786288
1285697120
1285870288
1286291392
1285521192
1285699520
1286118944
1201793904
1287329560
1287602696
1287512688
1285435392
1285768648
1202214880
1286382712
1286916256
1212064600
1287412368
1202234384
1286968344
1204320200
1286287912
1287491568
1287230200
1286475840
1287585416
1287497088
1285690760
1286894536
1202231080
1286033136
1286307472
1286050776
1285789888
1209388296
1286633288
1286484240
1286131664
1243874992
1285610120
1287490368
1286021496
1285788328
1201783464
1286811136
1210005904
1210021624
1203178168
1285689440
1286387512
1287406248
1286908096
1286743568
1285435512
1285773568
1286473320
1286481480
1286304232
1287685736
1202244400
1243884832
1212055000
1209414512
1287326200
1287322120
1287589856
1287340480
1286916616
1286822416
1287517248
1285520472
1285525632
1286727968
1201778664
1212093216
1287589016
1286378152
1286282992
1212072936
1286469120
1285692920
1285534032
1285599080
1285859368
1286286832
1203162928
1212090096
1286308432
1209414872
1287082704
1209402216
1286635688
1285867288
1204289960
1287328000
1285352224
1286304592
1286643128
1285788448
1287058224
1202235344
1210004400
1201790600
1286484120
1285616360
1286286232
1287664616
1212327592
1285778488
1286040456
1286191664
1285759528
1211291520
1287691856
1286042976
1287328480
1243879488
1287588296
1285529352
1202221904
1286637008
1285693520
1286116784
1287402408
1212350696
1285855528
1203186152
1285442712
1285347424
1285784248
1285341064
1285704560
1286823976
1285351624
1287060504
1286372392
1287331360
1285433472
1285879528
1209991144
1286635328
1286050536
1285776688
1287420888
1285694840
1285700360
1201785320
1287002544
1286019336
1287340960
1286464440
1243880208
1201787360
1286022696
1286632448
1286915776
1287405408
1211277840
1212095256
1201806920
1287084024
1287518088
1287250360
1202238104
1287079584
1212332448
1286023896
1285773208
1286803576
1202225200
1286105144
1243864008
1287059304
1243882368
1286126024
1285508592
1285696040
1204303160
1286306272
1286800696
1286364352
1286818696
1287066264
1209405096
1285598840
1243864128
1210008904
1285527192
1204292904
1285338664
1286297152
1286451360
1286287432
1209397832
1285704320
1285859128
1243861728
1287690416
1202219504
1243860168
1287491208
1285512312
1212059616
1209998400
1209418656
1285326784
1286365072
1286129024
1285357144
1285681760
1243864488
1286980704
1243877208
1201802000
1287258640
1243888312
1203181952
1285427112
1286819896
1285864168
1287596816
1209987600
1243851952
1286631728
1212322736
1285510512
1204293504
1286885536
1287514008
1286800576
1243889512
1286827456
1210589968
1212093816
1286032656
1285327384
1203168992
1286279872
1209377072
1285429272
1286637488
1286886736
1285533192
1286726408
1287322360
1209378272
1285860568
1286281552
1286814736
1286657528
1212346192
1210006144
1285695080
1212333168
1286634008
1286110664
1286126144
1210017360
1210610552
1204317440
1286305072
1211289600
1285858888
1285879768
1210610312
1286133944
1285618760
1287606776
1287579656
1287581816
1286310952
1209382952
1286284312
1285768888
1286457960
1286209064
1285864048
1287244360
1287579416
1210627952
1285776088
1287501168
1285687280
1211279280
1286277232
1286642528
1286288752
1287060024
1212352616
1286910976
1286897656
1287682976
1286905816
1285517952
1286799376
1286112464
1286282152
1210588288
1286977944
1203189928
1211281624
1287573656
1209385536
1286301112
1285771408
1286218424
1204304360
1286037216
1287259480
1286646368
1285510992
1209985920
1287066744
1287405768
1287336640
1286108504
1212327112
1287341800
1286470920
1203170432
1212069400
1286641688
1212086920
1286023296
1285415592
1286111984
1286304352
1287079704
1286042736
1285786168
1204287680
1210593632
1287506808
1286210984
1287595976
1211284744
1285442112
1286031696
1209389256
1286994624
1285446072
1285859488
1210615768
1212354776
1287070824
1243882488
1287690896
1212086680
1287249280
1287067224
1210586968
1285337104
1286036136
1204301120
1285609520
1286219024
1286469840
1212341392
1243887952
1210627472
1287257680
1285334824
1287691136
1201789040
1286907976
1286971464
1201778904
1286648648
1287604256
1243884232
1286364472
1286810536
1202245720
1285865608
1212317696
1243862208
1286724728
1286305432
1285513872
1286636048
1243855072
1285763848
1287078984
1286376472
1210020000
1286975064
1286818816
1203191848
1286906176
1286294872
1286301712
1210626632
1285852168
1203177328
1203188608
1286022456
1287067704
1209415952
1287591896
1202217704
1201783944
1285874848
1286048016
1285853608
1287341680
1286193224
1287487248
1204285520
1285872448
1286211464
1285333864
1285597640
1286886976
1287425688
1212070600
1286970624
1285340944
1286891296
1286117384
1210614032
1204299024
1285327024
1286471400
1286978064
1285328224
1285533672
1287347320
1286629328
1287493368
1286286592
1286972304
1212061416
1285360144
1286370832
1287413448
1286046576
1286109464
1285616600
1285352584
1243881168
1285869568
1286988144
1287345160
1285434912
1286279272
1287431088
1287415008
1287574016
1285864888
1286471760
1287070584
1286985864
1286651888
1287347920
1285691840
1285689920
1286889376
1287319840
1201811304
1286969664
1201783824
1202220344
1286480280
1209997680
1204310424
1285877848
1203184952
1286203664
1285858528
1243861248
1286293312
1286982864
1287576896
1285355704
1286293792
1286976264
1212320936
1286998944
1285598960
1243877448
1285870768
1210625072
1285692320
1285679360
1287606176
1287607016
1287231640
1285441632
1286799136
1243862808
1285770688
1286971944
1210612592
1286281072
1202235944
1287076464
1286473440
1285505952
1287684656
1286018376
1209401616
1286199824
1285445472
1211279040
1287666296
1285337224
1285772848
1286916016
1243861368
1286814856
1286731328
1286193944
1285441392
1285426632
1286742008
1285422912
1201804280
1210606408
1211289480
1203186392
1285847128
1285878448
1203176128
1287576776
1287344560
1212056496
1286738168
1285773448
1285356184
1286382112
1212056736
1287580976
1287330760
1212344392
1287600896
1287326800
1212086200
1285779448
1285604960
1286900536
1286629928
1285861168
1286206544
1286027976
1285867768
1204294464
1286198744
1287333040
1287002424
1202222864
1286025576
1286223824
1285529712
1285337944
1286109344
1243891192
1201787840
1204307360
1286656328
1287666536
1287411648
1212073296
1212054880
1285793368
1285426512
1286372032
1285793488
1210616968
1212333048
1287689216
1285690880
1286303032
1286453280
1286887456
1286194784
1209992344
1285697480
1286741888
1287416568
1212344032
1285356904
1286129744
1285506072
1286299912
1287584696
1204304720
1286370712
1286986824
1286912536
1212320328
1285426152
1285700000
1287235360
1287001104
1212058056
1286636648
1287600176
1201787960
1285853008
1286049096
1285852408
1285791088
1287583016
1285771888
1285612520
1287585656
1286044056
1212068560
1286907376
1286104664
1287575936
1287335680
1201795584
1286115224
1287501288
1203188248
1212316368
1286023176
1202234024
1285352824
1286821336
1202213560
1285788928
1202210560
1285705760
1209993784
1211281744
1286020896
1285862128
1285604600
1286050656
1286483280
1286221184
1287686696
1286386912
1287001224
1287413688
1286204504
1286907736
1286124584
1203175168
1286298592
1202221424
1286392552
1286210024
1203192568
1285858768
1286373352
1286105264
1286634248
1285765648
1209402816
1285615160
1287679136
1286798416
1285595000
1286636768
1212345352
1286999184
1209386496
1287232000
1210599808
1211282824
1212073416
1287230560
1286884696
1285765408
1287684416
1286906296
1287341320
1285427352
1212077376
1286817736
1212340552
1285774168
1243864968
1286482320
1285851688
1286207384
1285358944
1285524192
1287057144
1286397952
1204309464
1210019640
1287692096
1287240160
1201800264
1286222864
1286975664
1286635808
1285615760
1201801880
1287089544
1286138504
1286992824
1286201864
1286741768
1286020296
1285864288
1210006264
1285692560
1286476440
1212067120
1286991984
1212067360
1286382952
1287229600
1204312344
1286902696
1287318520
1287511248
1286113424
1285360984
1285874248
1285690280
1286200664
1287421968
1286893216
1285522872
1286885776
1287512568
1287675296
1209982320
1287232240
1210003920
1287401928
1285329184
1287235480
1286379232
1285856488
1287574856
1286826616
1286817856
1285528272
1204296384
1285857808
1287235840
1210022584
1285601600
1212068080
1212055120
1209981840
1286822656
1209406776
1285865968
1286294512
1287513048
1285851568
1285679000
1287256600
1203167792
1287420648
1286307232
1210606648
1287491088
1243876008
1212325072
1285348984
1204290560
1286040696
1212074736
1285331464
1286031576
1209405696
1203194728
1286017896
1286199944
1286455320
1210587088
1285521432
1287082824
1287575456
1285607480
1285614320
1210005784
1287072024
1286649368
1212353096
1287236920
1287315280
1286810176
1287690776
1210602088
1204292184
1287508368
1285333384
1287237880
1286818456
1286481000
1286204384
1287688616
1211282104
1287692816
1285614560
1286631368
1285523472
1286894776
1287318880
1285357744
1286289952
1287492288
1286036616
1286915656
1286472840
1285683320
1286042376
1202221304
1211281024
1209413912
1210017240
1285702400
1243863528
1287495528
1286118104
1287489288
1285446792
1285596560
1211284264
1286278552
1286995704
1285879888
1285331344
1286124704
1285772968
1243868032
1286300032
1203169112
1285595960
1212324712
1287577976
1285415472
1210625672
1287241840
1286727368
1286204024
1285507512
1286206784
1285336864
1210598552
1286985744
1286640248
1285507152
1286215304
1203188848
1203194848
1287513288
1286209664
1287335800
1287072504
1285424112
1287681776
1287259120
1285442472
1212089856
1285429872
1287587576
1287063624
1285521792
1212092016
1286373712
1210612232
1285350184
1287592616
1287582896
1286287552
1287506328
1286372752
1287683336
1286480040
1203169592
1286222984
1286203544
1209995704
1286476080
1212350936
1286812576
1286212784
1212060216
1287577496
1287240520
1286192864
1209998160
1287327280
1285595480
1286045616
1286969304
1202245000
1285514592
1287069384
1285873768
1285771168
1286908936
1209397112
1287249400
1287586376
1285792888
1287056544
1204308504
1210015920
1285681040
1212331976
1286735528
1286904496
1204317200
1287336160
1287660176
1286369392
1286462400
1287333280
1211284024
1285686200
1243884112
1285764928
1286136584
1286811256
1286914096
1212094056
1209416072
1285855768
1287246400
1211286784
1285434072
1201797024
1286294032
1285530072
1209383432
1287518688
1285765288
1204293264
1287503328
1286988864
1285433952
1286889136
1212348176
1287510408
1285438960
1212089616
1285532352
1201804760
1243872592
1212065200
1285347904
1287330280
1204293744
1285681400
1287580136
1287508128
1286368552
1287342280
1287676376
1285426392
1287509808
1286397712
1243881888
1243888792
1287433608
1285505472
1286218304
1287331480
1285612760
1204318880
1285360624
1287502608
1285878808
1287058464
1212329272
1204291160
1209982560
1202238584
1204312704
1212057456
1286049216
1210015680
1204285640
1287579776
1287591416
1286195504
1287487488
1285612640
1203180144
1285860208
1285872568
1210588648
1287081624
1287087504
1287002184
1286295712
1210611152
1286482560
1285763248
1209984360
1286468760
1212352016
1204290320
1285692200
1209398552
1210024264
1209405816
1243882848
1204284200
1287230800
1287237640
1203170192
1203165864
1286394112
1285419552
1212351536
1286451240
1286913136
1286733368
1209387576
1209993544
1286031936
1285790248
1286195384
1287595856
1286743088
1201802360
1286730848
1286982024
1285347064
1212090696
1287055584
1285358104
1209402096
1285766728
1204309224
1285854208
1285602920
1287261040
1286469360
1243866168
1286984304
1209382112
1285686080
1286899096
1286204744
1287597416
1286201384
1209419136
1286205224
1287606656
1287586016
1212059496
1286305912
1286892136
1210014240
1285871368
1211290680
1212358192
1212089736
1201809984
1286024736
1209990304
1286728808
1286032056
1286971824
1212065800
1286296072
1203180752
1286455200
1286286112
1285687640
1286389192
1286388232
1210610672
1210613432
1287056064
1287339160
1285608080
1286285992
1209377912
1212075816
1286210624
1286994144
1212356992
1285446312
1285518792
1286384032
1202246200
1285342144
1212344152
1286117864
1285521912
1285428312
1286193104
1204296504
1286466960
1212098200
1285763608
1285607240
1286109944
1287337480
1286732888
1286047896
1286628248
1286311792
1286881696
1285880128
1285687880
1212329152
1212065680
1285684280
1203168632
1286378992
1286458680
1212355016
1210007704
1286469600
1286213264
1287253600
1285597040
1211285224
1209416192
1204287800
1202212480
1287493248
1286979864
1211285584
1287667616
1286210744
1286029536
1287575696
1287420528
1209383192
1286276992
1285414512
1286396512
1285330864
1285420992
1212344632
1285602680
1286117984
1286040576
1286292232
1285696280
1286363632
1286135384
1285423392
1285703240
1210627352
1286298352
1286312032
1202236184
1286884096
1285443312
1204311744
1204302560
1286224424
1203178528
1287679976
1287316000
1287074424
1285422792
1286821456
1285334344
1286968944
1212319496
1287081744
1286730608
1286037336
1285427832
1210588048
1286204144
1204294104
1287517368
1285863928
1286995944
1286735888
1212091776
1201793664
1285776808
1286195024
1201799424
1287062544
1285699160
1204309824
1285419792
1285856608
1286208464
1287230920
1212356872
1286803216
1286648528
1286045856
1286649848
1210023544
1285597400
1204306640
1285532952
1286478480
1204309944
1209381992
1204308864
1210005664
1287505608
1287582776
1286303632
1286469240
1209398672
1286391832
1209385296
1286219384
1286029896
1286898016
1286475960
1287500448
1287245320
1201794624
1287231760
1287592376
1285875808
1204302200
1212318888
1285789288
1204293984
1287253840
1285342384
1286371792
1210024024
1203177568
1286020416
1285527072
1285865008
1286287312
1287587216
1285333624
1285790008
1287416808
1209378512
1287081264
1286731208
1285845808
1286384752
1286134304
1287232120
1287334600
1203174328
1287325000
1286463360
1285860088
1287077064
1204300880
1285446672
1286460360
1210006744
1286972424
1285877728
1212319848
1286030616
1212328072
1287332320
1285854928
1202243440
1287334720
1201804640
1211289000
1285855048
1286808856
1287400368
1286033016
1286482680
1212062976
1243886752
1285764448
1286633168
1209394712
1209398792
1202212360
1210001160
1202217824
1204286840
1287335440
1285707080
1285763728
1285533792
1285777168
1243860288
1286969064
1286729288
1287402888
1286733728
1287062904
1212085840
1286104304
1286130464
1209390096
1210628792
1286738408
1286291632
1285531632
1285705520
1286913736
1286373112
1202230720
1210007104
1285766488
1286910496
1286904976
1286731808
1287246040
1243880448
1285702760
1286382592
1287408168
1286724488
1285846168
1202220584
1210021744
1286045376
1201802480
1285439472
1285690520
1285427472
1210614632
1285344784
1286888656
1285852888
1285770208
1286899456
1287574976
1286104784
1201796664
1211290200
1287084144
1210609592
1287691256
1212348656
1204301000
1285685120
1287693176
1287594656
1286282032
1285760608
1285430352
1204312104
1285335664
1286382352
1285518912
1285425432
1287228160
1286653688
1286740088
1286800456
1285521552
1287061104
1287515448
1286804176
1210613792
1287079344
1286656088
1212323752
1287089064
1201811184
1286802976
1287592016
1201806200
1210002720
1286043576
1286123384
1243868152
1203167544
1210003200
1285593200
1243880808
1287231400
1285867528
1210003320
1286030376
1286364112
1211291400
1287675416
1287056784
1286028456
1286043216
1285792408
1212059736
1285529232
1287062784
1285869328
1201794864
1286122064
1286052216
1243863648
1287575816
1286108744
1287246880
1287434088
1285784968
1204291760
1287232960
1286050176
1286215784
1286894896
1212067960
1287329920
1285772248
1285868728
1286903416
1287404088
1286214464
1209399872
1243887232
1212323872
1285506432
1287490968
1287491688
1286828056
1285443912
1212344872
1211280784
1286743808
1209985200
1286136824
1285860328
1212069520
1287600656
1243852304
1212085960
1209992584
1285508712
1209391776
1286201504
1286308312
1286630048
1243852784
1287069864
1287663536
1201806080
1285615640
1287690536
1287343120
1212069040
1285512192
1210611392
1285686320
1286369992
1286204264
1286302552
1210603888
1209986520
1287684776
1286304112
1286392072
1287669416
1285701920
1285606040
1285876888
1285853848
1286124224
1287419208
1285763008
1287251080
1209396272
1202246080
1286734328
1211281864
1211290320
1286028216
1201786880
1204313064
1243855552
1286728688
1285702160
1286740808
1286825056
1204303880
1287662816
1209984600
1287254200
1287601856
1286131304
1286467320
1286121584
1285447872
1203186032
1285447392
1202219864
1287339400
1212085000
1286463600
1209398432
1287082464
1287247720
1286208224
1286023416
1286907016
1287079824
1287408288
1204304480
1285774408
1243852072
1204319600
1287591056
1212327232
1285863568
1287347800
1285413072
1287598496
1286477640
1212059256
1209393632
1287326080
1285697840
1209404736
1202221064
1285766608
1286107904
1209387816
1286193584
1285761208
1243886872
1203162328
1287238120
1285519632
1210016040
1287246280
1286193704
1285520232
1243880328
1285783168
1212065080
1286742848
1286808336
1210593152
1204286480
1286461800
1287681656
1202214040
1201782024
1286899816
1287423408
1285415832
1285759168
1286373472
1285513272
1287229840
1286731088
1287602936
1286051016
1202212120
1212059016
1212358432
1286029776
1285680560
1287602096
1286731448
1287248440
1287087864
1212086320
1287491448
1286196944
1201792040
1212092856
1209394952
1285594640
1285684040
1211283544
1209999960
1210598192
1286991264
1210588888
1287590336
1287241600
1203183272
1285346224
1286628488
1202240800
1287495168
1211291160
1203176008
1287408648
1286136224
1285781008
1202230960
1210616848
1286222144
1286130584
1202245840
1285348864
1285599200
1209378752
1210002120
1285865488
1212074016
1286461680
1287251680
1285529832
1212077976
1210612832
1209406176
1286454240
1209386376
1285872928
1286886616
1286891416
1287422208
1287054264
1243876128
1286916376
1203196592
1212095496
1285869208
1286199464
1286289472
1285516872
1286902816
1286387752
1212059856
1203189688
1204318640
1286307592
1287520608
1285620320
1209396632
1201779144
1243891072
1212316248
1203165032
1285327144
1285605080
1210019040
1203180512
1287598376
1287591776
1286198264
1286979384
1212320688
1285763368
1212328912
1287402168
1287577256
1285792528
1286816416
1286384632
1285856248
1285875568
1243888552
1286379952
1286290552
1285598480
1286897896
1286019576
1210592792
1287501528
1286650928
1285679840
1287511008
1209997800
1212055240
1286479200
1209389376
1286377192
1285516512
1243866648
1287324880
1286039016
1212329752
1201794024
1286113664
1286105504
1285766848
1286988744
1286883976
1202229760
1286123984
1202218904
1243852664
1287415368
1285778008
1287254920
1203166352
1286284792
1286654408
1204312224
1286997024
1286028696
1287680816
1285702040
1287682496
1212068800
1286891776
1286202704
1210614152
1285334104
1286905576
1243889392
1286904616
1201796424
1286192504
1285605800
1285707320
1286968584
1286799976
1212332688
1287230680
1286452440
1287600056
1210015080
1209420096
1209987120
1203167664
1286310472
1285601240
1212321296
1210019760
1286137184
1203194488
1285856128
1285758448
1285432392
1211291640
1286051856
1209984000
1204295304
1286989704
1287336400
1286046816
1201805360
1212061176
1287419328
1285769128
1286383912
1286992224
1287679256
1286806816
1209998520
1285523712
1285603760
1203184832
1287408888
1287514968
1212075336
1287252280
1286799856
1204282944
1287489768
1285876048
1201786640
1286136104
1287676616
1286034936
1286652248
1287682856
1286483520
1285769488
1287415728
1286192624
1285681520
1286818576
1209378032
1211284624
1287339760
1212354296
1243887832
1201784304
1285511712
1285688120
1204296264
1286396872
1285689200
1210600528
1286212904
1287319360
1212350816
1287502848
1286210144
1285330504
1285791928
1285332544
1209385176
1287407448
1287088704
1285356664
1285416072
1286388832
1287085464
1285874608
1286996304
1285443192
1285611560
1210626752
1285862848
1287576416
1204286600
1286734688
1286809576
1286128304
1286642048
1285596800
1286024016
1287422328
1286809336
1285348624
1286389072
1285789048
1285770808
1285870888
1287072864
1287083784
1286035896
1286135264
1286302072
1287340120
1286216864
1286825536
1203181112
1286212064
1285777768
1285683440
1243853752
1286736488
1287242200
1202245360
1287256360
1286987064
1212341512
1286816056
1285620560
1285774048
1286122904
1286454120
1285423632
1286898856
1285778368
1286383312
1285773688
1287344920
1287675896
1285429992
1286797456
1286372152
1285332184
1287596216
1285850248
1286044776
1286906416
1286825656
1285350784
1210603168
1286202944
1285439712
1212349736
1286375992
1286887816
1209407016
1201799904
1285508832
1211293920
1201790360
1287239920
1285354504
1287084264
1212315896
1209392136
1285516752
1286106344
1212349856
1285525152
1243854344
1287344680
1287234040
1204292664
1201812744
1286476800
1201812504
1287243520
1287061704
1202242720
1286396992
1286466840
1287060744
1285771528
1286114864
1286653808
1286971224
1285606400
1210022224
1285862488
1286641208
1209390576
1286741528
1286996544
1286453880
1210624352
1204302320
1286127704
1286811616
1287088824
1287054744
1285531512
1285353784
1286825416
1286460720
1285440312
1209993664
1212321648
1201799544
1201783704
1285598360
1287407088
1287413568
1286474160
1287231040
1285695680
1285353424
1211290080
1203173008
1287403128
1286209544
1286897296
1287406128
1201788560
1286041896
1286021376
1203193888
1285607720
1285519752
1287086424
1285783288
1287067824
1285362064
1201778784
1287418368
1287510288
1285428792
1287076824
1203174928
1285510272
1204310064
1286198504
1286298952
1204301480
1286483160
1204292784
1286987184
1285344184
1286642768
1286129624
1210593872
1286215664
1201805240
1285868608
1285688480
1209388776
1286472600
1209414272
1243868744
1209985560
1285854448
1209403536
1212346552
1287599696
1287054624
1286290072
1285774288
1286131544
1285688600
1285513752
1286889496
1285764088
1286027016
1287684536
1204318400
1287325720
1287660536
1287064704
1287503568
1203177088
1202232824
1287502248
1286903656
1287253240
1211279760
1286297872
1212074136
1286288512
1286119544
1204314144
1287431328
1212356752
1285514832
1203172768
1287333160
1287418848
1209991264
1287345880
1287400248
1287588176
1287424488
1203173608
1287073944
1286995104
1285780288
1286910856
1286741168
1285530792
1286824816
1209405576
1287243640
1286993424
1287406488
1201803440
1286900656
1285699280
1287229720
1286892616
1209380192
1209395792
1212345712
1286987664
1210609952
1201808600
1287433368
1211292720
1287662936
1286379112
1243854224
1287500808
1286214224
1210014000
1287063264
1286031336
1286654288
1202227600
1211289120
1212097480
1287674368
1287509448
1212351296
1287514728
1287683816
1202241880
1286457120
1286311912
1285421712
1243889032
1287433128
1243888672
1285773328
1287252160
1212089376
1286977464
1285861288
1286312272
1209379952
1287595256
1286460600
1286969544
1285700720
1286392312
1287579536
1285682360
1286478960
1286727608
1286801776
1287519528
1204286360
1286632208
1287681056
1212340072
1286119304
1287259840
1286203184
1286655008
1285525872
1203162448
1243868504
1287058704
1212061776
1286047416
1286391472
1287000984
1285760008
1204298064
1287414408
1286198984
1286041656
1286829376
1286482920
1285857448
1285329904
1286820376
1204313904
1285787488
1204298304
1286374312
1287251920
1210587688
1287423768
1287605096
1286990064
1285340704
1286800216
1201808360
1286468280
1286639648
1209381752
1286651408
1287668936
1286393872
1286369872
1287321880
1285694000
1286637728
1212324112
1201794264
1212328192
1203164064
1287604736
1286990304
1285345384
1285768048
1287227560
1202218784
1287579896
1212094776
1209417576
1286730008
1286368912
1285333744
1286819056
1286190464
1287082344
1212077256
1286376952
1287507288
1286985504
1204293024
1286903536
1286022576
1287407328
1287424128
1285596200
1287400848
1286190944
1285848928
1287347560
1209389976
1202237504
1287585176
1210613072
1285424952
1286394712
1285867048
1285430472
1286200424
1286046456
1209417936
1285604000
1285506912
1285333984
1287055464
1286451000
1243853512
1287244120
1286291872
1286121464
1286474400
1287681536
1202218664
1212061296
1286299192
1204297344
1201813344
1209420216
1202229880
1287505728
1286999304
1210608512
1287414648
1201782144
1286738888
1285444272
1212357712
1286390512
1287238840
1285424712
1286990424
1285785208
1286396272
1286020656
1203183512
1285527672
1285419432
1286969184
1287498048
1286902336
1287342520
1287334360
1211292840
1287080184
1287497928
1286124464
1287668216
1286131184
1287661256
1287313960
1285433352
1285335784
1286980944
1287407688
1287258280
1286114024
1286459520
1286312152
1285346824
1286740208
1285704080
1287257200
1209997320
1286996664
1210613312
1286224304
1285339984
1287489888
1287232840
1209998760
1202237744
1286805856
1285688000
1285439952
1286725088
1204314624
1286459640
1285342744
1286195744
1285441512
1286630768
1287577616
1212057576
1243882728
1203192448
1287597776
1201781784
1287229120
1286890336
1286125424
1209399512
1286215064
1286302192
1287073464
1204318040
1203184712
1287056424
1286977344
1210591592
1287058944
1287400488
1287406968
1286283712
1286913976
1210017840
1286296552
1285858648
1209402336
1285767208
1212341032
1210596992
1202237624
1287513528
1285445592
1285696640
1287507408
1285352104
1287408768
1286288392
1210595552
1286801176
1286885296
1203161248
1286028576
1286629088
1209388656
1287087624
1204285160
1287662696
1286018976
1202237144
1287431808
1286649248
1286910376
1202210800
1286285512
1286463960
1285616000
1210609832
1286220704
1286039856
1285700120
1210591952
1212320208
1211290560
1287252400
1203181592
1286133824
1209998880
1210625912
1212074256
1286201264
1285781728
1285505232
1286980824
1287664136
1287318760
1210605088
1286036976
1287315520
1285778248
1285511232
1287692936
1286892016
1203193768
1212329032
1287667496
1286730368
1286824216
1286288992
1287517488
1210021864
1201811904
1286730248
1286035056
1286800096
1243854464
1210624832
1286371072
1204288640
1285344544
1203178288
1287416688
1286381632
1285347184
1212091296
1286914576
1287403848
1287516768
1287078744
1287679616
1209400112
1285599320
1204300280
1209416432
1203183632
1285686680
1286280712
1286907496
1285594760
1286200784
1212076296
1210601488
1211286184
1285434672
1285514472
1209415472
1285513632
1210627112
1285509432
1286209184
1286471160
1287595736
1202239304
1211282224
1211282344
1286978904
1212322128
1286657288
1203196952
1287345760
1203169952
1285853248
1243862928
1286897416
1203191368
1285598000
1285681640
1286124344
1286451960
1212319616
1285682960
1202236064
1285768168
1285349704
1286969784
1287403728
1243857472
1287064104
1203190768
1286381752
1285878208
1202213680
1287668096
1285447032
1212068320
1286654048
1285692080
1287067104
1201779864
1285775608
1287598736
1285432632
1286115944
1287663776
1286196464
1209391656
1287317080
1285861048
1202219624
1201791920
1212098920
1212073656
1202243560
1286648888
1286976864
1285758928
1287573776
1286989824
1287661736
1285779688
1285703960
1285441152
1286123624
1286826256
1212353816
1209984480
1286454360
1286827336
1243850568
1286903296
1209406536
1285605320
1286805496
1210606528
1287319240
1285337824
1201785440
1210597232
1287594296
1287432288
1286303272
1286117264
1285605560
1286294752
1286039736
1287692336
1286280352
1211281984
1210629752
1286814496
1285772608
1243858064
1286220344
1287677096
1211289240
1286388112
1285868488
1286394952
1287339640
1286907256
1285612280
1286911456
1285847728
1287594896
1212070120
1285509912
1286303512
1285517352
1286638448
1212058536
1287666656
1285781128
1285619840
1287328720
1210626032
1287323800
1210616128
1286218184
1286884456
1286892496
1285864768
1210626992
1286216504
1285617680
1285530912
1212354176
1287687176
1285689560
1286388712
1286290912
1287066144
1287233200
1286988624
1286105624
1210596512
1287069744
1204318520
1212088776
1285776448
1286115704
1287343840
1286808736
1285871008
1286138144
1286282632
1285759408
1286988024
1286364712
1286822896
1286381272
1285603520
1203161848
1286199344
1212062736
1287582056
1286365672
1287328120
1209993064
1287414528
1286301832
1285608800
1285700240
1286027496
1201784064
1286656448
1209379232
1286017296
1287503928
1286200184
1285354864
1203181232
1212057936
1287421368
1286120624
1212321888
1201803320
1286471640
1287421728
1286643008
1286638808
1286138744
1209999600
1202234144
1285766008
1209379112
1209395072
1209998280
1287081384
1286121944
1212098680
1287255160
1209993184
1204315344
1286306992
1285349944
1286655128
1287664016
1287667136
1286125664
1287071184
1212062616
1203162568
1209382352
1286652608
1287258880
1286897776
1286396752
1287055824
1285604840
1212348776
1204314744
1204310904
1285868128
1287587096
1287677336
1286735288
1286292112
1203193408
1285534152
1285761568
1286795296
1285619480
1212098440
1209987720
1202216624
1287323200
1286654168
1287076704
1285706120
1286390392
1204314864
1286646608
1212328432
1285615040
1286459160
1203179008
1286292472
1287320080
1243885792
1285361824
1286456160
1212099760
1285330384
1286994384
1287075504
1287347440
1287520848
1287406608
1286111864
1210611872
1285592600
1285875208
1210587928
1285866568
1209406656
1286981424
1286288632
1287085104
1286628368
1203166112
1286209424
1204295544
1286799256
1285847968
1212356152
1202213440
1287664376
1286294632
1202234504
1285592720
1285701320
1209995464
1286308552
1285435152
1209414152
1212073536
1202220944
1286398192
1285703840
1201806680
1287326320
1203194008
1286375272
1285418592
1201811424
1287690656
1286452200
1201791680
1285517112
1287585776
1212060696
1286370352
1285421352
1210011904
1286388592
1286651048
1286391352
1202227360
1285865128
1285770328
1285685600
1286811736
1285530552
1285360504
1287315880
1287244000
1287501408
1287251200
1285512792
1285785928
1287519048
1286197544
1287679496
1212066520
1286890816
1286981904
1287505248
1287234280
1201787720
1286020536
1287407208
1286220584
1286827696
1285782568
1286365192
1287232480
1285759768
1286462640
1287424608
1286033856
1202217224
1209415592
1202240920
1286381992
1286989224
1287071904
1286222384
1287343600
1285507272
1212058896
1209384032
1286803696
1286395792
1285519272
1202233184
1286043816
1201804040
1286138264
1285772728
1287496248
1287244480
1286639048
1209991384
1285506672
1286456760
1286291272
1212094896
1210023184
1287423048
1209387336
1286289232
1243858424
1287405888
1287509208
1287321760
1243885192
1286467680
1201794984
1286379592
1203166592
1287413088
1287596096
1210587448
1202227840
1202215120
1285421592
1243889752
1209385896
1286644568
1212315656
1287687536
1210023904
1211292360
1202222624
1286725328
1286396632
1212321416
1286290432
1210022824
1212072816
1212349616
1285855888
1287400608
1287595136
1204319360
1287504288
1212344992
1212094536
1212324472
1212099040
1286298472
1285689800
1286132744
1286809936
1286978544
1286046696
1210601128
1286654648
1286211344
1285415712
1243856992
1201812264
1243870784
1286802496
1286973984
1286808496
1286827096
1204290800
1285845328
1286306512
1287683576
1285528032
1287432648
1287087984
1286465040
1287255040
1285696880
1285852768
1285416912
1286987544
1286826976
1212058776
1210589488
1285618520
1287605576
1287083304
1286376592
1203185072
1286823016
1201804400
1286395432
1287487968
1286810776
1287060624
1287686216
1212357952
1285778608
1202222264
1285525392
1286972784
1285595840
1211282704
1287509328
1286630528
1286044656
1286380072
1287596336
1243876488
1202216264
1287496128
1285359424
1285509792
1203170312
1243885552
1212324352
1286915296
1212349376
1286052456
1210002000
1212070360
1286647688
1204289000
1285706240
1204283664
1286822296
1203186272
1285335544
1287517608
1285518192
1202242600
1286461440
1202211400
1287062064
1286476560
1285593920
1210603528
1201796904
1287069264
1287326440
1285769608
1285680680
1287240640
1286980104
1286729768
1287685136
1286131904
1204284320
1209405456
1286453400
1285758328
1287668456
1286799016
1201798824
1287413328
1287409248
1286192384
1286395192
1287057504
1201781424
1285769968
1286127824
1287492768
1286472960
1243864728
1287320200
1285336744
1202244880
1286107544
1203165272
1212315776
1212332216
1286305792
1202245600
1286798536
1204319120
1286885416
1203162208
1201791800
1287488688
1287233320
1286730728
1210601008
1210601968
1285863088
1285788688
1203194128
1204306280
1286018136
1286812816
1287664976
1287340240
1286475120
1285876408
1203186872
1285790128
1287255760
1286798056
1287519648
1285445712
1286393032
1210603048
1286374072
1201800504
1287261280
1286798656
1287660656
1212085720
1285447992
1287573176
1201811064
1286126624
1286130344
1286023536
1286456640
1203187112
1285618160
1212092376
1286033976
1286310112
1286392912
1287231160
1286647448
1285845088
1286025696
1204288400
1203185192
1285508112
1286990784
1285604720
1210015200
1286298112
1286812456
1287064944
1201784184
1209389736
1286635088
1286465520
1287680456
1285862008
1286826856
1287229360
1203182792
1286887696
1286911936
1286463480
1285873288
1287512928
1287688976
1286041536
1210015560
1287242920
1286653568
1286454000
1286213624
1286032776
1286802616
1287247600
1203185792
1286654768
1285358224
1209995584
1211286664
1286037936
1210605208
1285598240
1285761928
1201797984
1212075216
1201813104
1286484480
1285609760
1285534392
1286126264
1285691000
1201781304
1286290192
1211278440
1243866528
1210625792
1203192928
1286887576
1285433232
1287664856
1286395312
1286740928
1286649488
1285761448
1285759288
1286978664
1286381032
1287256120
1287586256
1285851808
1201779984
1201781064
1285767448
1287330640
1203173848
1287689696
1286973864
1243890592
1285346344
1287511368
1286222024
1286978784
1287665096
1287258400
1209404376
1287684056
1285517832
1209402936
1285850128
1212357832
1210593032
1201780104
1285514952
1209405216
1209987840
1287520008
1243868272
1243886272
1286910256
1201806560
1285759888
1287592256
1286217704
1287251560
1209397472
1210626272
1287243760
1285781968
1286379832
1285865368
1287502368
1285332064
1287057024
1285688240
1204298424
1286025936
1243858184
1285606520
1286891656
1287501648
1285871128
1210616488
1286830336
1287502008
1286110304
1286300992
1285855288
1286732768
1286018856
1209379832
1201803560
1287323560
1203182912
1212062136
1287405048
1203168272
1285856008
1287593456
1287423648
1286633408
1286033736
1212094176
1286372632
1286888536
1287662216
1287576656
1285431792
1287088344
1286904736
1285762048
1285790488
1286797816
1201803920
1212096880
1204294704
1285337344
1212098800
1286731688
1286483400
1287489168
1287497208
1287490488
1285617080
1285594400
1286971344
1211292120
1286979024
1286473200
1286631488
1209390216
1212070240
1287503688
1285776208
1286888776
1285865248
1212345232
1285705280
1286808376
1285332784
1204306400
1202220464
1285698920
1210610912
1287689456
1287319000
1211287864
1287402768
1286215544
1212354056
1212095376
1286740688
1285846408
1287255880
1285868968
1204297944
1202235224
1243890232
1286303152
1287253120
1286224544
1285776928
1286993904
1212062016
1202241640
1212085120
1287344440
1286106824
1209997440
1287681176
1286192144
1285355824
1286223344
1209395432
1285866448
1285351504
1285333264
1285785808
1287315400
1202243800
1286637128
1286466600
1286116904
1204297464
1286390752
1212317216
1243876848
1286733488
1286643728
1203180992
1204301360
1287516168
1204293864
1285443672
1286126744
1286992704
1203190288
1202245120
1286733608
1286970384
1286914696
1287230080
1209403896
1287510528
1286824936
1210614752
1286224064
1287088584
1287660056
1286815096
1287238000
1286201744
1285417392
1203169344
1286481720
1212057096
1287338200
1287335080
1286462880
1285335184
1286297272
1286810656
1285706480
1210014840
1201781184
1204291040
1285850488
1285775128
1287338920
1286027616
1286645888
1285422312
1287252040
1287420168
1287508848
1285768288
1285690640
1243853872
1286213384
1287432768
1286024976
1210602448
1209402696
1204301720
1285700960
1285862968
1212351416
1287578216
1286113064
1203197072
1285358344
1286982144
1285619600
1204298784
1286827936
1285767808
1202236904
1285347664
1286632088
1287593216
1285593080
1287245560
1201780584
1287606416
1287683096
1202241040
1212330712
1286887216
1286641568
1203185312
1286483640
1287510768
1285508952
1285510032
1287233680
1285327624
1287505368
1286126384
1285704680
1286278192
1286915416
1287685856
1243857944
1286118824
1287083064
1204297104
1285868248
1212344272
1285706000
1286216744
1204303760
1210628552
1202220104
1285786648
1286045016
1285773928
1201798584
1210597112
1285602560
1286811016
1285792288
1287413808
1287060384
1286210864
1286909776
1285705160
1203168032
1287583856
1286812936
1285876168
1287068904
1209381392
1285336624
1285693160
1286284552
1212066040
1285780648
1209987360
1286024616
1286901976
1286191304
1287058104
1286471280
1286465160
1209382712
1286048736
1212076056
1203160648
1286889856
1285531992
1243853144
1286982504
1286033376
1286197184
1204297224
1286380552
1287078024
1286901856
1210589368
1286119184
1285338064
1243863768
1243864608
1210626872
1203186632
1287509568
1204314264
1285759648
1209399032
1285847848
1210628432
1210019160
1202219144
1212085360
1286477040
1286044896
1286370112
1202243320
1202227000
1287331960
1287685376
1286217584
1286989104
1286122424
1286110544
1243865328
1287490848
1210589848
1201786040
1204309584
1287573296
1203161488
1286817016
1212314632
1286810296
1203172648
1203175768
1285531152
1286455920
1287088464
1285511592
1285519512
1210003560
1202230120
1285527312
1287260680
1203177688
1286455800
1287416328
1287345640
1286396152
1211286544
1285763128
1286022216
1209416552
1287518928
1285348264
1201793784
1286635568
1212067720
1287412848
1243866768
1286815936
1285695560
1203173368
1210594472
1287410808
1243876608
1209378872
1285511952
1287064344
1286295472
1286305312
1285870648
1287329200
1285595720
1286821576
1202228080
1210597952
1204286960
1286198384
1287336520
1286982384
1286109224
1286282392
1286734808
1286973624
1285857568
1209405336
1286208824
1285413792
1287591536
1286116424
1209996184
1286124944
1286480640
1203176248
1212326752
1203182192
1287086304
1202225320
1201789880
1286135984
1287238360
1286484360
1286973144
1286983944
1243890832
1209987240
1285532712
1201781544
1286212544
1286650088
1285860688
1286034696
1212084640
1286309632
1286915056
1212071440
1209984720
1285518072
1286278792
1285785088
1285788208
1286991024
1286109704
1286905936
1286645768
1287594056
1285610000
1202224720
1286814016
1285877128
1210594352
1212322008
1286116304
1286997744
1204287560
1286806456
1210596752
1286222744
1285605680
1287603536
1212352496
1212316728
1287511728
1287321040
1243868984
1286114744
1287434208
1287488808
1286196704
1285527552
1286107784
1286987784
1209394232
1204306880
1287518448
1202224240
1286637608
1287253720
1286646128
1287228400
1287058824
1243861848
1202233544
1286038896
1287596936
1202213080
1287228520
1210008304
1204300520
1212320568
1286381872
1286813416
1211287384
1285864648
1286027136
1285705640
1287518208
1285874968
1210592192
1286391232
1285698440
1209985080
1286654888
1286997144
1212332568
1202233424
1285530672
1286277472
1287493968
1287340360
1286018256
1287255640
1287422568
1212069760
1286026656
1212345112
1286301232
1201797384
1287493728
1212071200
1287244840
1286038416
1286377792
1285846648
1286628848
1285858048
1211280904
1287677576
1286127584
1201798104
1287502488
1210592912
1201787000
1286474040
1285361104
1286815576
1210016760
1285685840
1286893456
1202246320
1286652968
1287500208
1286824696
1286735168
1285865728
1287487608
1286912416
1286727008
1212073176
1287583496
1287071784
1286888056
1211282944
1286195264
1286988384
1287342760
1286131064
1204296024
1210017480
1212073056
1210596872
1286904376
1212060576
1287339040
1285619960
1203183152
1285779568
1287080544
1286223944
1287579296
1286982264
1286302312
1210597472
1210624472
1212327352
1204309344
1287245200
1287680336
1212090216
1286902096
1287248320
1202224480
1287346480
1287593096
1243855432
1285598600
1201803200
1286118344
1287578936
1243885072
1211278320
1201787480
1285779328
1204304000
1286727488
1286219504
1287072144
1286891176
1286369752
1210611752
1210018440
1210607672
1286464200
1286805136
1285773088
1285616840
1285694360
1209401736
1202244520
1286468040
1201802960
1285619240
1286207264
1210593392
1287692576
1287675176
1286223704
1203191728
1212351176
1287517008
1286201024
1286972664
1285342264
1285615880
1286379472
1285848088
1285350904
1286050296
1287333880
1286291992
1286131784
1285440192
1286985984
1211289360
1286303752
1212072576
1286202224
1287334840
1287675656
1287405168
1286302912
1286890576
1286456040
1286471520
1286801536
1286279992
1287001344
1286461560
1285337464
1203186512
1285790608
1210629632
1285441752
1212326872
1243856624
1286394352
1286901616
1212094656
1287068304
1285698680
1209994384
1287407808
1286914456
1286807416
1285506792
1285691960
1285869928
1287516888
1243860648
1285329664
1286977704
1204310544
1286033256
1287417288
1287324160
1287492528
1287243880
1201798224
1287346120
1287592736
1287254440
1286805616
1286799736
1285680800
1212075456
1201802600
1287519168
1209379592
1212068200
1204319000
1286222264
1286973504
1287242680
1286459280
1210597352
1287601496
1286812696
1285515792
1243879608
1209998040
1210605688
1286463240
1285682240
1243863408
1286289832
1212085600
1201795824
1210616728
1285793128
1285860808
1210004160
1285702880
1286976384
1286903056
1285339144
1286281912
1286645408
1211283784
1285516032
1286993184
1210609352
1212069880
1285870528
1286729168
1286374672
1287666896
1202241760
1211278080
1286123144
1285599800
1204293144
1286827216
1287422448
1212325432
1287320680
1285861768
1285523232
1286139104
1286452560
1287597296
1212325552
1212352976
1286634728
1204293384
1287409608
1211283904
1287240040
1287085224
1203193648
1286640488
1286807056
1286968224
1287420768
1286813296
1286798896
1287596696
1287677816
1243861008
1210598432
1212322248
1285358584
1287691016
1286651768
1286884216
1202226040
1287344200
1286732648
1287253360
1202237024
1285767928
1287499608
1210013520
1210594832
1286113304
1287591296
1286391112
1285350664
1286996904
1202217944
1286031456
1243858544
1287519768
1286210264
1286991384
1209995824
1286648408
1287338320
1286736008
1286898496
1285428552
1286974464
1285784728
1285852528
1201804520
1209986640
1287084384
1285772368
1287604856
1210608752
1212325192
1209992944
1212094416
1287002664
1285528992
1285529952
1212329512
1209390456
1286390152
1285867888
1286893336
1287589256
1201812624
1286195984
1209396392
1286285632
1201808480
1286199584
1212074496
1201789520
1285350304
1287509688
1285528752
1285419312
1209393992
1286892376
1285344304
1202215000
1287591656
1286117624
1286310592
1285775848
1209377552
1286364592
1287403008
1287598136
1285508472
1286481600
1201795704
1210629392
1285782208
1210611632
1243881288
1287073584
1286740328
1212060456
1285864408
1286887936
1286283832
1243857352
1201797504
1286627528
1287334960
1212069280
1203188968
1287259000
1285516272
1287337720
1286211704
1287496008
1204315104
1286108264
1287605216
1243859808
1286368192
1285706600
1212355136
1212061536
1285787248
1202234264
1287322720
1286901016
1287057264
1287410088
1286994864
1286478840
1286377072
1201797864
1286021016
1212086800
1286393992
1287335320
1243857704
1285430712
1286986944
1286995464
1286983104
1286985624
1287001464
1286387632
1285878688
1285512432
1285789528
1286458320
1286656928
1212088896
1287335200
1285850608
1287509088
1211294160
1285778728
1285423872
1204286240
1286979504
1212340192
1286306752
1287232600
1286371432
1285351024
1201788320
1285845688
1285705040
1286221424
1287602336
1203181712
1287317920
1287425088
1286896576
1287683216
1286651648
1287087744
1285772128
1202236784
1201810704
1287498768
1285341424
1203173488
1286302792
1243889872
1285592840
1285770928
1285443552
1286653088
1286912176
1286742488
1286019096
1287244240
1286639888
1287410928
1287324040
1286297992
1286994024
1286816296
1285613960
1285610360
1243857112
1204289600
1287086184
1287426168
1210000800
1210006624
1285428672
1285413912
1285766128
1286450040
1286376832
1243864248
1201804160
1286634848
1285355584
1286635208
1286206304
1285783048
1286988984
1286653928
1285420392
1209997920
1286370472
1285614680
1201799064
1209387216
1287433968
1286992344
1286200304
1286218904
1287486888
1285613600
1201796064
1287692216
1287228280
1287334000
1204311384
1211293440
1203164552
1287255400
1287574736
1285603280
1286108144
1210601248
1210590208
1210002960
1212092616
1243889152
1210586848
1286024496
1209386256
1202223104
1286023776
1285607960
1286731928
1287423288
1203161368
1287590576
1201790840
1285605200
1287065304
1285774528
1204295184
1204284680
1286393272
1286132984
1285707200
1286034576
1286369632
1285425912
1287257440
1286120024
1286897536
1287077304
1209391296
1243877568
1286975304
1204319840
1285854088
1287595496
1286978184
1286734448
1287592136
1287229240
1243868864
1286657168
1285354264
1212352736
1286892256
1203167912
1286110064
1243882248
1285507872
1286883632
1285424592
1243887352
1287249040
1203188728
1286211104
1286738648
1285790968
1243882608
1285876288
1285330264
1285356424
1285507392
1287582536
1210595312
1285684160
1287064824
1285420032
1209984960
1287235600
1287068784
1286378752
1285769848
1287316120
1287517848
1212056256
1287073704
1287087024
1286364952
1210006384
1286042256
1287424728
1287584456
1287242800
1285771768
1287679016
1285877488
1285521672
1210023424
1286968824
1286805256
1285693040
1286464800
1204305800
1285420872
1286913016
1286195144
1287518808
1212350576
1285359784
1287319480
1210019880
1287406848
1286997264
1209395552
1209982440
1286901736
1287258040
1286118464
1285441272
1286816896
1286372272
1212318288
1286047056
1209398072
1212325312
1286120744
1209378632
1285874728
1209402456
1285418712
1287082584
1202219384
1285598120
1203188488
1285519152
1204313424
1287327640
1285766368
1286117024
1201786280
1286115464
1287423528
1285619120
1287227200
1286220464
1212072456
1286647208
1285348744
1286040216
1286886856
1209413432
1287336760
1285419072
1209393392
1287599576
1285877608
1285780168
1209995224
1285327984
1203164912
1212084520
1286021856
1286223464
1285340824
1286636888
1286132144
1209406296
1209987000
1287257080
1210020240
1202216384
1287338800
1212073896
1286993544
1285879408
1285848328
1285697000
1285701440
1286725808
1285853128
1286192744
1203185432
1287316480
1202238824
1285521312
1203194608
1286048496
1287414888
1212322488
1212327952
1286981304
1286213744
1212321768
1287000624
1243888912
1287322600
1204292304
1286199224
1286225504
1286476680
1285702640
1285506192
1286820496
1286473920
1209381032
1210589128
1286039616
1201813584
1286382232
1287000264
1286977824
1243851832
1202216504
1203172408
1286207504
1285448232
1287086064
1285853368
1286112224
1286807656
1286742128
1286735648
1285358824
1286970144
1212077136
1287679376
1287241960
1287409488
1285697360
1209386736
1286991504
1285344904
1203177808
1212345832
1212074376
1210604608
1285781488
1203164792
1210001040
1287584936
1209993904
1286800336
1286821096
1285532112
1286040096
1286887336
1286885056
1286980464
1286047656
1243880088
1285698560
1209396872
1285693880
1286216624
1287337120
1285440792
1204285040
1287588536
1202220824
1286799496
1285511472
1209418536
1287238240
1286883736
1210017720
1286995344
1286470440
1201801640
1287416928
1204316480
1210590448
1287233920
1210015320
1287249160
1287314440
1286986344
1202229640
1287338680
1286387152
1203170672
1210023784
1287676496
1210000200
1286729888
1212074976
1286133104
1287227800
1286482800
1211289960
1287504408
1286637368
1285758808
1201795944
1285441032
1286206184
1285520952
1285524792
1203190168
1287240400
1285594520
1204294224
1286634968
1285443432
1209419256
1210616368
1287488328
1285417872
1286281672
1285870408
1287228880
1211285704
1285416432
1286208944
1285614920
1243881048
1209989464
1203197192
1285346584
1287254800
1287589376
1243860768
1287494688
1204315224
1212340432
1210604728
1285524072
1285331824
1287259720
1212097840
1209414032
1286456520
1202231320
1287419568
1287081864
1287066624
1287246640
1286046336
1285433712
1286205824
1287080304
1286031216
1286634368
1204290200
1287506088
1286805976
1287492408
1210623872
1286655968
1286478600
1285354384
1203175648
1286464080
1286108384
1210628312
1287586856
1201779624
1209990544
1286125544
1286647928
1287488448
1287412968
1286222624
1286905456
1287242320
1287077544
1287691376
1286894176
1285858168
1285417752
1202217104
1287402288
1285340224
1202235584
1285606640
1286300272
1287578696
1285432872
1203183992
1286190224
1287421008
1287054384
1287329320
1210599928
1285348144
1286906056
1210623992
1285607120
1201787600
1287603296
1212070720
1285611920
1210624112
1286374192
1285604360
1210003680
1286037576
1286826736
1210589608
1287333760
1285870168
1202235704
1285692800
1287424008
1285415352
1286904856
1286219864
1286213864
1202242000
1210600048
1286028336
1201786760
1286890936
1287319600
1286370232
1204301600
1243890352
1286983584
1201795104
1287511488
1286310832
1287235960
1286307832
1287415608
1285335424
1285861888
1286133224
1285777648
1212058416
1287685976
1286372512
1286044296
1287063024
1286451720
1287499848
1203184232
1285512912
1287693056
1210627832
1285522272
1209984840
1209418896
1287234400
1209983640
1286797336
1286464920
1201794744
1286820976
1286651528
1285345744
1286818336
1286285392
1286208584
1202225680
1285866928
1287606536
1203188368
1287585296
1209387936
1286392672
1285529112
1243856872
1201783584
1286804056
1285354624
1211293560
1287250000
1210009504
1285522512
1286201984
1287605816
1285775248
1210597832
1209420336
1286119784
1286885656
1285357864
1286898976
1285604480
1202225440
1286900416
1286905096
1243865088
1287416088
1286200904
1286889976
1286469960
1286225384
1285689680
1285514112
1286398312
1285330624
1209404856
1286373232
1201790960
1287581336
1286476920
1285608680
1285510152
1286483040
1287493608
1287247480
1202217464
1285328104
1210626512
1286819296
1286450880
1287321160
1285428192
1286887096
1287080904
1286466360
1285764688
1286899936
1203165392
1286901136
1286912656
1287056904
1286125904
1212090576
1286636528
1212066280
1287492648
1286911216
1287576296
1286038176
1286378512
1285863328
1287077664
1285513392
1209982680
1203175408
1286137424
1202211040
1202213920
1286647088
1287662336
1286656208
1286991144
1243863168
1285413192
1286466120
1286105984
1287590816
1285871488
1201797264
1286223584
1209992824
1201810824
1286736968
1209986160
1285851448
1287681416
1286728928
1285601120
1287318160
1202222384
1212340672
1287331720
1286043456
1212064840
1285866688
1286894656
1210000920
1287661136
1202214400
1286740568
1286217104
1286389552
1212326152
1286215904
1212346432
1286220224
1285524672
1201781904
1286889016
1285348504
1286129864
1287317200
1285691360
1209388416
1285869448
1286208104
1243881528
1286039376
1285524312
1209987480
1210609232
1286650808
1209993304
1285447512
1287494328
1212326392
1243882128
1201802240
1286280472
1287597896
1287258160
1285533072
1286822176
1286824576
1285783528
1203166952
1201808240
1286023656
1285706840
1285528152
1287574616
1203191008
1201782384
1287580376
1286225024
1287583136
1210021984
1287314320
1285614800
1210602328
1286217224
1287088104
1212069640
1285788568
1286104184
1286633888
1285775368
1287343960
1285433592
1211294400
1210600648
1204312944
1286801296
1286822536
1286461200
1285517592
1210597592
1285343704
1286737568
1285515672
1287070344
1286652128
1209383672
1286725568
1212319968
1286458200
1286296432
1286743448
1203162088
1286888896
1210600768
1285349104
1209981960
1212341272
1286379352
1287599336
1287518328
1286724368
1285862248
1285532832
1285354024
1287411168
1285789408
1212064480
1287424968
1210592072
1285519992
1286468880
1286037816
1202241400
1287261160
1210002840
1285854568
1287317440
1286811496
1285415952
1286822056
1286118224
1285679120
1285413552
1212350096
1209419376
1286196104
1203178888
1285331584
1286224664
1285414152
1212317088
1243887112
1285857088
1212068440
1286913256
1286891536
1286367832
1286640728
1287516048
1286373832
1210590088
1285418112
1243861608
1286828896
1204311864
1286725688
1243855192
1286737208
1202232704
1285530432
1201797744
1286032536
1204284440
1285515312
1212093936
1286380672
1203183392
1287344800
1285865848
1286726288
1287403968
1285760728
1287082944
1286474520
1286369512
1285347784
1285619000
1285869688
1201805480
1209395672
1209406416
1285768768
1286800816
1212067600
1286453760
1286394472
1285864528
1286129264
1286285752
1285611200
1212066880
1285776568
1285769728
1212058656
1287422928
1202243200
1285849888
1286122664
1286727248
1285515432
1287068184
1287426408
1210594112
1201796184
1285609400
1203168752
1285876528
1285612400
1285336264
1287000144
1286114624
1286985024
1287594416
1287003264
1287236320
1285871248
1212060336
1286043696
1212346312
1285334704
1201805120
1201791320
1285695320
1287606296
1285774768
1286301352
1285780768
1286216384
1285421832
1287493008
1285788088
1285431312
1204288040
1203175888
1286041776
1209389016
1287401448
1285351744
1285361464
1204312584
1287404928
1287340840
1287504768
1210613912
1287577136
1287239440
1287665696
1287346600
1202244040
1286018016
1211292600
1285697600
1243850688
1285613840
1287059904
1286197784
1286830216
1285349584
1287411288
1285861528
1204311144
1212358072
1286733848
1285785328
1286813896
1209404976
1210613192
1286734568
1212075096
1286376712
1286017776
1286287072
1285857208
1285691600
1204319240
1286640848
1286901256
1202216744
1287665936
1285338424
1287238480
1286975784
1285852288
1285444392
1287234640
1285444752
1285616720
1287250840
1287598976
1286824096
1285423032
1286642648
1211279640
1287071064
1202213200
1286896696
1287079944
1287001944
1201802840
1285599440
1287513768
1286450640
1286462760
1212066400
1287406728
1286019216
1285846528
1287519288
1285618040
1286821936
1285533552
1285351144
1286657048
1285610720
1286450280
1201790000
1285614440
1285869808
1285608200
1285326904
1285414872
1285786768
1287240280
1209996304
1202237384
1202211880
1286817256
1203173968
1286890096
1286212184
1286368792
1286051136
1287086664
1287676976
1286374912
1285760488
1287258520
1286309392
1203164432
1286804296
1286633648
1286126864
1286896816
1287078504
1286190584
1286827576
1211292000
1286116064
1202214280
1286288152
1286134184
1243879848
1211285104
1287086784
1286019696
1210603408
1212077856
1210604488
1285701560
1285619360
1212357352
1285611320
1286478240
1201789400
1212060936
1243885672
1286200064
1286381152
1286458560
1287247240
1209983880
1287581936
1287241000
1286295232
1210595672
1285787848
1287247360
1285516392
1287070104
1287405288
1285347544
1204286120
1287334480
1203190408
1210594232
1285853968
1287254080
1287059544
1286913376
1286915176
1287260080
1286130704
1202241280
1285339624
1285337584
1286106104
1287405648
1286219144
1201805960
1285360864
1285519392
1209991624
1286292352
1285600520
1212060816
1285339264
1287669536
1212067840
1286976984
1287690176
1287345040
1286024136
1210592552
1243866888
1286453640
1286650688
1287520128
1243888072
1286136944
1286655248
1287597656
1285427952
1286822776
1243880688
1243857824
1285873888
1285857688
1286306032
1285505592
1286199104
1203164192
1287329680
1286992464
1286195624
1286813776
1287417168
1287076224
1285689080
1212062256
1286120984
1210018800
1210629512
1286296792
1285446192
1286727848
1285524912
1203189448
1285775008
1286030856
1285860448
1203189328
1286393632
1287348040
1202238704
1287426528
1287078384
1203176728
1202211640
1243853392
1286997384
1204317560
1203165632
1286035176
1286221664
1286025816
1287686576
1286300392
1287503808
1210000080
1285775728
1286737448
1286282272
1287062664
1286968704
1287668696
1212070480
1201799304
1209986760
1203195208
1202244760
1286736368
1287074064
1210017960
1285429032
1287582296
1243876728
1285434792
1285429152
1210596272
1209378992
1287423168
1203176848
1287600536
1286205104
1211278800
1287680216
1287511848
1285704920
1286655728
1243886512
1286295832
1243874392
1285361704
1285614200
1286383192
1286811376
1286913616
1286221784
1201788920
1286815336
1287515088
1212352856
1212091536
1203194968
1285767568
1285878928
1286739368
1287057624
1286395072
1287242080
1286631008
1287580496
1286974584
1287508608
1210018680
1285683680
1212090336
1210598312
1286911336
1287602216
1285855408
1286204864
1287584816
1204288280
1285356064
1201803800
1286113544
1285760968
1287604376
1285699880
1286218664
1202224360
1285421952
1286048856
1285867648
1212065920
1285442352
1204314384
1286050056
1286035296
1286976624
1287231280
1286480400
1210014480
1286286952
1285617560
1286726048
1285593800
1285350064
1286639168
1286629808
1286998104
1286293072
1202238944
1286375752
1285762288
1285782808
1287677936
1286218544
1243884352
1285330024
1286993784
1285857328
1286468400
1212356512
1286286352
1210024384
1210601728
1287496608
1286474280
1287425808
1286910016
1286633528
1285516632
1286120384
1210602688
1286223104
1210606048
1287059424
1286899216
1285345144
1209419616
1203185552
1287081144
1211284384
1287231880
1286484600
1286108624
1201809624
1285876648
1286038056
1204298664
1209985320
1285600160
1287411888
1287331840
1285346944
1287233560
1286045136
1209413672
1286724968
1202232944
1286979264
1286726648
1210011304
1285848208
1286294272
1286482200
1204284800
1285872808
1287664736
1212095016
1210609712
1285770568
1209386856
1287323680
1285358464
1287590216
1202240560
1209983040
1286992584
1243866288
1286118704
1210587328
1286454840
1204285880
1210020360
1286742728
1286814376
1287507888
1204316720
1286049816
1243885312
1285846288
1286993664
1286452320
1285428912
1286191184
1286900896
1287256840
1285848688
1287252520
1286914936
1286736608
1286279032
1287582416
1287512088
1286290312
1287063144
1286376112
1286974704
1201796304
1285602080
1286138624
1287599096
1203192808
1287257800
1209991024
1212346672
1201794384
1287490248
1286627768
1286048136
1212092136
1212070840
1286135864
1243860888
1286047296
1285786528
1210591832
1285682120
1287330040
1285780048
1286981544
1286972904
1212091056
1285687040
1209996064
1285765168
1287071664
1285872688
1286806216
1287084864
1286299672
1201794504
1285522632
1287069984
1285863448
1209397232
1209985440
1286277952
1212356272
1285602320
1201791080
1204284920
1201805600
1212351776
1243886032
1287597536
1285443072
1209985800
1210024144
1211286064
1204300400
1285434432
1209386616
1286916136
1285508352
1209404256
1287244960
1287076344
1285516992
1287607136
1287515808
1286202584
1286908456
1286734928
1286976504
1286910136
1285784608
1287252640
1286039976
1286133584
1287410208
1285436592
1204290920
1212345592
1287343000
1286819536
1287491808
1285687400
1210610432
1210603768
1286452800
1204305200
1287229480
1210629032
1285849408
1287594776
1285335304
1286111264
1285356304
1209400232
1285533432
1285693400
1286894296
1286644688
1286478120
1286363392
1286380312
1287578456
1285445232
1285355104
1201785920
1287577016
1209994864
1285441992
1287661856
1286050896
1285439352
1286912056
1286198024
1286817376
1286886136
1212328672
1287338560
1285688840
1287417768
1286372872
1203166472
1285610480
1287245080
1287599216
1204313544
1286114504
1210588168
1286898136
1201785800
1287433008
1212070960
1287577376
1286653328
1285528512
1287227320
1287590096
1201807640
1287332440
1209405936
1285851928
1286803336
1285679600
1287237760
1285680440
1285417032
1286477280
1285418232
1212352256
1287416208
1212345952
1287078864
1286114384
1210595072
1210628072
1209399392
1286386712
1204314504
1201798944
1243889632
1210608152
1286828536
1287514608
1285436232
1286998464
1286373952
1286118584
1243887592
1286293912
1285514352
1243852544
1212076896
1212350456
1243865928
1286288872
1287660896
1286655488
1286026536
1286132624
1209413552
1286390272
1285790368
1287676736
1204320080
1287332920
1287686456
1212071080
1287086544
1287585536
1212071320
1285338304
1285351864
1286906536
1287600776
1285762408
1285424472
1287577736
1285524432
1203191608
1286113184
1210613552
1201782744
1202222984
1212069160
1209981720
1286829616
1204299264
1286467800
1287601256
1212326032
1286909296
1286808616
1209388896
1287235240
1287241240
1285507992
1285413432
1212349976
1287247000
1210591472
1287070464
1286216264
1243860528
1286031816
1286029056
1210599568
1287245680
1286479440
1285789768
1285612880
1203172528
1285532232
1286986224
1204319960
1286731568
1286829496
1212068920
1286121824
1209415232
1287426048
1287691496
1286198864
1287232360
1210006024
1209398312
1287410568
1286463000
1211284144
1287504648
1287055944
1209396992
1286909656
1209381872
1209380672
1287329440
1204286000
1286996784
1287589736
1285702280
1287410448
1286806336
1285432992
1287601016
1286464320
1243862448
1286375392
1285351264
1287075864
1287089424
1210022944
1286112944
1203189568
1287492048
1286207144
1286648768
1204290440
1202224960
1209406056
1285679960
1287666056
1209377312
1285507632
1285525992
1285446912
1287519408
1285533312
1210627592
1209418056
1286886256
1286802016
1285772488
1212077016
1285414632
1202237984
1285686800
1286890216
1286998224
1286387392
1287419808
1286800936
1204316840
1287421608
1285848448
1285429392
1286463720
1285420632
1287417648
1286469480
1286457480
1204310304
1286892976
1287079224
1201789160
1286470320
1286898376
1286043936
1285682720
1209984240
1287063864
1211279520
1287315160
1243889272
1285772008
1285512072
1243868624
1286041176
1287505128
1210592672
1209417816
1287517728
1286113784
1286191544
1286193464
1286472360
1287487848
1202226520
1203167192
1285697240
1286137904
1285851088
1212087520
1286022096
1209383552
1287075264
1212090816
1285791688
1287691736
1286300752
1286036016
1287320440
1211285344
1286804656
1286737808
1286221544
1286391952
1286463840
1209397712
1285874368
1209396032
1285787008
1285767088
1285330744
1203170912
1287691616
1210627712
1286135024
1286802736
1285526952
1286471040
1287241480
1203162688
1287327880
1286282872
1287000864
1286297632
1285690040
1286466240
1204313184
1201810104
1285416792
1209419736
1286730488
1286018736
1286197424
1243862688
1285530312
1286739128
1285593320
1287337840
1286367640
1286029296
1285778848
1285858408
1211279400
1285778128
1285783648
1209382592
1287411408
1285328464
1285848808
1287329800
1287685616
1209403776
1285606160
1210588528
1287682376
1286968104
1287244720
1204317080
1285518432
1212090456
1285618280
1285607360
1286737328
1243854104
1287319720
1285706720
1212062496
1287432408
1287316840
1286460240
1286364232
1286137064
1285512552
1286730968
1287407568
1201780824
1285877968
1209394112
1286476320
1202216984
1286906656
1286299792
1204318280
1287254680
1285849168
1286051736
1287606896
1286026176
1286649728
1286901496
1286828296
1209995944
1287413928
1286370952
1209414632
1243884952
1287583736
1286635448
1287584336
1210024624
1285791808
1201783344
1286743208
1212339952
1287069024
1210001520
1286735408
1287689816
1286820256
1285701680
1211294280
1286627432
1286467560
1286306632
1285871848
1201805720
1285425552
1285767328
1202236544
1287402528
1203176968
1287318400
1201787240
1287412488
1287257920
1212330832
1204307120
1286224184
1209415832
1287596456
1286382472
1286280592
1210615888
1285433832
1287228760
1285764328
1212067000
1285340584
1286128424
1209991864
1209986400
1285509312
1285439832
1285850368
1285426272
1285352704
1287502128
1210604248
1286117504
1287341560
1286970984
1286990544
1285599560
1286915896
1286736248
1287496488
1286830096
1210605808
1286739968
1287417888
1287227920
1287602456
1285617320
1202238344
1285701800
1209983760
1286298832
1287407928
1203178408
1287071424
1286363272
1243862328
1285684400
1203191128
1286828656
1243871392
1286893096
1286642288
1286467200
1287250480
1286738288
1285510872
1285359664
1201807520
1287328600
1287240880
1286126984
1287424368
1209418176
1285774648
1287588656
1286037696
1287688736
1287259960
1286043336
1286982744
1286891896
1203182432
1286220824
1286202344
1204285400
1203184472
1203163944
1287583376
1203172168
1286801056
1286742248
1286134784
1287602576
1287594176
1203166712
1286299552
1285414752
1285335064
1286036856
1286117144
1286798176
1203196832
1204287080
1210627232
1286111144
1285783768
1204311024
1209990784
1286726888
1204288760
1243886992
1286640608
1285519032
1212097120
1285855168
1243858304
1285531392
1212353456
1286450760
1286975184
1212329872
1286810896
1204302440
1285343344
1287520968
1285596080
1287688856
1203170792
1285524552
1285606880
1286281192
1286294992
1287516648
1286911696
1287228040
1202227720
1287422688
1287490608
1212098560
1285872328
1287509928
1287085824
1243885432
1286646488
1287604016
1286281312
1285596320
1285696760
1202225920
1210014600
1287062424
1286482440
1287059184
1285339384
1286035416
1203185912
1286365312
1286828416
1204304600
1286479320
1285436472
1285786408
1287489048
1209407136
1287663896
1210591712
1286375872
1286041056
1285688960
1209394352
1286456880
1286384272
1211288880
1286033616
1286194904
1287256720
1286987424
1285352464
1285859008
1285527792
1286293672
1285680920
1286805016
1287495888
1204305560
1286451600
1287681896
1201786400
1286300512
1286823856
1285774888
1285875088
1285779808
1286798296
1287508248
1212351896
1287404688
1286899576
1202230360
1287346000
1286481840
1210601368
1285600760
1287497328
1286999784
1285791208
1286630288
1286471880
1286051376
1287084624
1286806576
1287245920
1204298184
1285445352
1286205344
1286909536
1286815696
1210018560
1285698080
1287515328
1286121704
1286631128
1285684520
1286456280
1287256480
1285354144
1286728088
1286294392
1286300632
1201779024
1286376352
1212318048
1286995584
1203180272
1286896936
1287664256
1287401208
1286648168
1287065184
1287318640
1285617920
1209414992
1286727128
1201780944
1286392192
1211285944
1203189088
1212348896
1212316968
1210019400
1287677216
1286194544
1201804880
1210625192
1285607840
1287423888
1286829736
1287247960
1285332904
1287605336
1286108024
1202241160
1285777408
1285357984
1287506688
1286909056
1209999720
1287322960
1286049576
1286292712
1285343944
1212354656
1287505008
1285696520
1286104904
1286645048
1285703360
1287590936
1209982800
1209983160
1287003024
1203165152
1287339280
1202236304
1285760368
1286988504
1203161008
1210626152
1209395192
1210018920
1286462040
1212316608
1287424848
1287410328
1286036736
1286034216
1202234984
1286138024
1204311984
1286310352
1286984424
1209982200
1286196224
1210605328
1201807280
1209389856
1287599936
1285761088
1285681880
1285328944
1286823256
1287251320
1210616008
1287421128
1287235120
1287592856
1286026416
1287417528
1285777528
1287595616
1286907616
1211286304
1287498528
1286995224
1286628968
1287578096
1286820736
1285784128
1212099160
1287682136
1285680080
1286820616
1285618880
1203160408
1287495768
1285769368
1286638688
1211293200
1287085344
1287488928
1203160888
1286202824
1210629272
1286389792
1286375632
1209994024
1287343480
1203192208
1285446432
1286655848
1286734208
1287587936
1286466480
1285787128
1285420752
1287083184
1212094296
1243887472
1285613480
1285528872
1285846048
1201783224
1285596440
1286395552
1285785688
1287410688
1285687760
1285416192
1212326632
1287089304
1204317680
1287584096
1210600888
1286460840
1286285272
1243873192
1212075936
1286277712
1285345264
1286221904
1287513408
1285620200
1286277592
1286893696
1285342504
1286456400
1286371312
1286986584
1286040936
1286630648
1287256000
1204304840
1243865688
1287247840
1285532592
1285444032
1204306040
1210001400
1285435632
1287683456
1209400352
1201798704
1209987960
1286642408
1286909176
1212332928
1287401328
1286998344
1287689576
1287062304
1210604128
1285600400
1286972544
1287498408
1210019280
1285603400
1285761328
1285522392
1210004280
1286470200
1287342160
1286899696
1287409008
1286886016
1211285824
1285521072
1287674696
1210013880
1286743928
1285698800
1287400968
1209990064
1287497808
1287330400
1287419448
1285353064
1286392792
1285779928
1287061464
1286119064
1203191248
1287317560
1286021136
1286296192
1212058176
1209404616
1209387696
1243880568
1287663176
1287085944
1286282512
1203190888
1287520728
1203176608
1286134544
1287233080
1286309872
1287490008
1285334944
1285601360
1285778968
1287513888
1285781848
1202226160
1285508232
1286368312
1287409128
1286483880
1209418776
1212087640
1286311552
1285518672
1201790480
1285353544
1212056616
1212076776
1202226280
1285328824
1286279152
1243880928
1243879728
1212061656
1201800144
1209999480
1287341440
1285871968
1285600280
1287687656
1285526592
1285693280
1210588408
1287431688
1287592976
1285694240
1202212240
1286205704
1287677696
1287597176
1285441872
1286989944
1286984904
1287598856
1286292952
1286970744
1286119664
1287512208
1285792768
1287075984
1285682600
1286052576
1286975544
1212327712
1285338184
1286190704
1287073224
1287515688
1286110184
1287597056
1286123864
1210608632
1287685496
1243884472
1286912776
1209391896
1210600408
1210608872
1287088224
1210016160
1286881336
1286636288
1286744288
1287001704
1287341080
1285597880
1285695200
1286025336
1201779264
1287078144
1285609160
1202238224
1285418832
1286110424
1286114984
1209392016
1202212960
1209388176
1286212304
1201810344
1286363872
1287068424
1285447752
1287500328
1243862088
1286042016
1285699760
1209997560
1285523952
1209397952
1285695440
1286825296
1287069504
1286106224
1286457240
1203181352
1287325840
1287241720
1285593560
1287689936
1287070704
1287087264
1286190824
1285700480
1203172288
1285414392
1286132504
1286204624
1212085240
1285694120
1286311192
1203169712
1287325360
1287495408
1209999120
1286394232
1285327864
1287596576
1285853728
1203178648
1285597760
1287604496
1285513032
1285340344
1286135504
1286910736
1285434552
1286134664
1286203784
1286739848
1287346360
1285419672
1287415128
1286912296
1287314560
1286393152
1285684760
1286884936
1212099640
1287241120
1287344080
1287089184
1285880008
1209386016
1287319120
1210014720
1286204984
1285761808
1286649968
1287080064
1286994504
1286197064
1286130104
1286213504
1212084880
1287580016
1287059784
1287057864
1287682616
1285341304
1287497568
1286733248
1204296624
1285342864
1287075024
1286628128
1287433848
1285423512
1212314512
1287503088
1209399992
1204287320
1204306760
1286026896
1204287440
1209383312
1210608272
1286458920
1212092976
1202224600
1210592312
1202217344
1243876248
1212319016
1211279160
1286741648
1285687520
1286125064
1286393752
1243858792
1285860928
1285760128
1212099400
1287520488
1285343224
1286998584
1286468640
1285691720
1286895016
1286112344
1286829976
1286725208
1287316600
1286888176
1285515072
1285685480
1286219984
1285356544
1287331240
1212092496
1287065544
1287514848
1285356784
1201799184
1285702520
1210005544
1204302800
1202237264
1286299312
1286126504
1287073344
1286472240
1286036376
1286733128
1286290672
1286132384
1201783104
1287492168
1286048616
1285509672
1212061056
1286652368
1286221304
1209391416
1287063984
1286368432
1286815216
1285683920
1212357472
1285422552
1286137304
1202223224
1204293624
1287234160
1202216144
1286111624
1286127944
1287260920
1285329544
1286374432
1285348024
1210590328
1204288520
1212330352
1209999360
1286277352
1285765528
1286051976
1212320816
1212073776
1286643848
1212075576
1210593992
1286640368
1286191784
1286905336
1286216984
1287400128
1286652488
1287676016
1287665456
1285353184
1287505848
1287336280
1286998704
1285424352
1285857928
1287074184
1285877008
1286480520
1286472480
1286114264
1212340912
1210616248
1287001824
1286642168
1286207984
1285786048
1286277832
1286369152
1287060144
1286027256
1203187232
1285426872
1287003384
1286384152
1286207744
1287493848
1212095616
1285346704
1201809864
1286900776
1286052336
1204305320
1287574256
1202230000
1285442592
1285332664
1285349224
1286818216
1287686936
1286025456
1201807040
1287589976
1212077616
1285764208
1286885896
1287071304
1209389496
1285688360
1243862568
1285357384
1210000560
1201796544
1287584576
1285704200
1202245480
1211284504
1212056856
1285853488
1285346104
1286030736
1285765888
1287406008
1287403488
1287499728
1212086080
1286134904
1285530192
1285341184
1285446552
1287576536
1286377912
1286804776
1286997504
1202214520
1286125184
1212348056
1287418728
1286479080
1285618640
1203165512
1286481360
1286208704
1201806320
1285336144
1287249760
1201791440
1285610240
1286997864
1286394592
1287418128
1212089976
1209401376
1212059976
1287498288
1286196584
1202232344
1285434192
1286472120
1287507768
1210023664
1285705400
1285522752
1287250240
1243861488
1286138864
1210608392
1285529592
1286191904
1287589496
1243856744
1287080664
1286911816
1285336504
1287229000
1210617208
1285349344
1286972064
1285335904
1285782448
1287235000
1285863688
1285616480
1287424248
1286197664
1209401976
1287575336
1201788080
1287401688
1286889616
1285596680
1287502728
1202219744
1286828776
1212093336
1287236680
1209397592
1287508008
1286457000
1212317816
1286369272
1202211160
1203168152
1285873048
1203179128
1286980584
1210608992
1285849528
1287250120
1286030136
1203170552
1286894416
1286110904
1287231520
1286628008
1286051256
1209986280
1285783408
1202214640
1287425568
1285337704
1285444152
1209989224
1285432152
1287233440
1212085480
1285353304
1243885912
1286902936
1285442952
1287404328
1286112704
1287661496
1204302920
1287677456
1210015800
1286048976
1287514128
1202244160
1202240440
1287234760
1209401496
1286649128
1209391176
1204313784
1287503448
1204285280
1287412728
1210595432
1243866048
1286133344
1286388472
1211287024
1212329632
1201805840
1287415248
1286206064
1285609280
1286975424
1285685720
1285863808
1287328240
1285345024
1286643368
1209419016
1287234880
1212097000
1285785448
1286129504
1287431208
1286107664
1287259240
1286990664
1285520712
1286051496
1201787120
1286894056
1286883856
1209393752
1287603056
1285360024
1285329064
1285422192
1285428432
1203180392
1286397592
1212354896
1203173128
1201792160
1286829856
1287599816
1212086440
1286048376
1286311312
1211293800
1287578576
1285440432
1287675776
1286304832
1243881768
1210002360
1286902576
1286138984
1286735768
1285680320
1285879048
1286829136
1286803816
1285361224
1287425328
1204296144
1285792648
1285422672
1285338784
1243890712
1286974824
1201805000
1212092736
1287593936
1285599680
1287333400
1286107424
1287412128
1201782504
1285869088
1286120264
1286119904
1286986104
1287317680
1286025096
1286218784
1285682840
1287339520
1287605696
1285445832
1286108864
1287244600
1210600168
1286038536
1202242120
1201788680
1210602808
1211291280
1286032416
1286215424
1285339504
1286797232
1286729648
1287421488
1202240680
1202221544
1287335560
1286215184
1210004040
1287056184
1285522032
1285596920
1286739248
1286050416
1204297704
1286030256
1203193288
1202245960
1285609040
1285694960
1286735048
1287074664
1286890456
1287667256
1286455080
1285514232
1286640968
1287251800
1287416448
1204318160
1285611080
1287494208
1209378392
1210614512
1287690296
1203184352
1212351656
1211278920
1285515552
1286806696
1286363512
1286285872
1287418608
1285609880
1285597280
1286986464
1212064720
1286823616
1286999664
1209395312
1212078096
1287415848
1286475000
1212318168
1287325240
1209386136
1286905696
1287415488
1285786888
1286044416
1287659936
1209992704
1285413672
1285423992
1287065424
1285436352
1286038656
1287514248
1286467920
1285329424
1287081024
1285444632
1243866408
1285849288
1209380072
1286374552
1286137544
1285698200
1285875928
1285528632
1287508728
1286285152
1286649008
1287420408
1287337960
1286984664
1203176488
1286994984
1287513168
1286737088
1202212600
1211287624
1286296672
1285686560
1286047176
1286650328
1287326560
1287499968
1286826016
1285352944
1287499128
1211283064
1286974224
1210629872
1285416552
1285422072
1285850968
1286970504
1285595240
1286820136
1287241360
1286383432
1211312040
1209992464
1285859848
1286367952
1243853272
1286030016
1285867168
1286117744
1287315040
1285780528
1210595192
1285871728
1287321640
1285448112
1286287192
1285414272
1209990664
1286453520
1285533912
1286210384
1203162808
1286397832
1285510392
1286743328
1285359184
1287078264
1287676136
1287403608
1209398192
1201806440
1287580616
1285509072
1286824336
1286816536
1287238600
1204302080
1287342400
1286473080
1286115584
1287333640
1203172048
1287000024
1286128544
1286217464
1285341544
1285523112
1285685960
1285345864
1209399272
1212067480
1287237160
1212343792
1286475480
1286972184
1286797696
1209993424
1286632928
1286992944
1286468520
1287487728
1209381512
1286472720
1211282584
1285767688
1209415352
1287426288
1287320320
1287067944
1209382472
1212099280
1285505352
1286019456
1286992104
1285699640
1286795176
1287243040
1286645168
1209390336
1285432752
1285327744
1201799664
1287579176
1285511832
1211277960
1286109104
1212327832
1286135624
1285862608
1285793248
1287327400
1287228640
1286304472
1285607600
1286979144
1209380792
1287581456
1286018496
1285431912
1287411048
1286454960
1201782624
1285507032
1285866328
1286899336
1285592960
1286740448
1285768408
1285336384
1212332096
1286644088
1286301592
1287059064
1202239184
1204307000
1287660296
1286820856
1285696400
1287511608
1287056304
1286629208
1204287200
1285506552
1209982920
1286479680
1286990904
1285694600
1209381272
1287500088
1212095736
1286279632
1285338544
1203191488
1202218184
1286996184
1285690160
1286650448
1286225144
1286730128
1285760248
1285791448
1202231200
1285606280
1285526232
1287063504
1209994144
1212353336
1287323320
1285854328
1287515928
1287667976
1287518568
1203183752
1286295352
1285360264
1285851328
1285694720
1287507168
1209393272
1212354416
1210003440
1286806936
1287591176
1210604968
1286797576
1212074616
1287433728
1285412952
1287489528
1286999904
1286744048
1286458800
1210608032
1287405528
1287580736
1287573536
1286203904
1201807880
1203182072
1210001760
1287489648
1204295904
1286214704
1210001640
1243854824
1285613120
1286738528
1285518552
1287243280
1287514368
1287335920
1287330880
1286120144
1286974944
1285615280
1286296312
1210014960
1287685256
1285847608
1201801520
1286213984
1210605928
1287083664
1286137784
1210000680
1286193824
1210611512
1285520352
1286198144
1286813056
1287497448
1287491328
1212330472
1286983824
1286744168
1285341784
1285859968
1286817136
1209991984
1287495048
1285601480
1286465400
1287057984
1287584216
1285420272
1243876968
1286478720
1285691120
1285532472
1285526832
1287314200
1209985680
1210614392
1286816176
1287077424
1285505088
1286457360
1287332080
1210018200
1287248080
1286368072
1212087400
1285418472
1202210920
1286809816
1286383792
1201790120
1209396512
1287316960
1287330520
1287520368
1286732408
1286206904
1211278680
1285360384
1209995104
1201802120
1209387096
1285689320
1286641928
1286217944
1286474760
1286643248
1285422432
1287237520
1203195088
1212349136
1209388536
1287075384
1286997984
1209383792
1286139224
1210628912
1286988264
1287240760
1201779504
1201801760
1209377792
1285592552
1286109824
1287669296
1204319720
1286384512
1204285760
1287504528
1243853024
1202239064
1202242840
1287495648
1286732168
1286212424
1286467440
1287253480
1286888296
1210003080
1203167072
1243855672
1204299864
1285846768
1286298712
1285327264
1286996424
1286127464
1212059376
1286114144
1285874488
1287496968
1287343240
1201781664
1204284560
1211292480
1287675056
1286469000
1286024376
1287487368
1286302432
1243867912
1285331944
1211284864
1204289840
1287688496
1287227440
1286135744
1287236200
1285686920
1285522992
1286390992
1286737928
1286127104
1204298544
1243854704
1212093576
1287409968
1210589728
1286984184
1243881648
1204286720
1287692456
1203186752
1286137664
1286643488
1286798776
1287408528
1287431448
1201800024
1286046936
1287077904
1286464560
1209391536
1286916496
1285618400
1201797624
1286732048
1285784488
1286288032
1287666776
1285762768
1287489408
1286629448
1285526712
1286973744
1287066864
1285777288
1286475240
1285861408
1287061344
1286375512
1209999000
1212097960
1287664496
1287498648
1285704800
1286115344
1243888432
1212087280
1286461920
1210006504
1287517968
1286127224
1285418952
1287585896
1285353664
1209988200
1285862728
1287074904
1210601608
1287674816
1285431072
1287084984
1286638328
1286207024
1286028936
1285355944
1287586736
1287256960
1287503208
1285620080
1243863888
1286824456
1287678776
1285697960
1203193048
1201788440
1286380792
1209384152
1286460480
1287077184
1286217824
1287068064
1209999840
1285417992
1243887712
1210587808
1203184112
1243860048
1201810464
1287326920
1210595792
1286127344
1287681296
1285423752
1286199704
1212326992
1243860408
1286646728
1286387032
1212357592
1210592432
1285359544
1202222024
1287587456
1286308072
1287088944
1202216864
1286207624
1286041296
1212087160
1286029176
1210016280
1204296864
1287061224
1286971104
1286981664
1285444992
1285859248
1286974344
1285687160
1243863288
1286306152
1285339864
1286034456
1286282752
1286042616
1202220224
1209390696
1286300872
1287413208
1287324640
1286900296
1286040336
1203161128
1286814256
1210609472
1286450400
1287318280
1287690056
1203182672
1285683080
1285613720
1286728328
1201789280
1212086560
1286209784
1210628672
1287324400
1204311504
1285528392
1202210680
1286454480
1203194248
1285421472
1286644808
1285345504
1212318408
1212076176
1286633048
1286912896
1201810224
1286026056
1285436952
1287574136
1243856144
1286984064
1210005424
1287314800
1285597160
1286643968
1287060864
1212356632
1201812144
1286977224
1287327760
1286975904
1287498168
1285598720
1286309152
1286903776
1287242560
1212316016
1285616960
1285531272
1212097240
1286380192
1202227960
1287668816
1286306392
1209403056
1287497688
1287409728
1204288160
1286202104
1204300760
1286647808
1209380432
1286289352
1287400728
1287408048
1287065904
1201808120
1203196472
1286739008
1286375032
1286115824
1287499248
1287418248
1287254560
1286986704
1211286904
1203160768
1285764568
1210613672
1286893816
1286125304
1212066160
1243890472
1286477160
1286190344
1286211944
1287585056
1210018320
1202237864
1210002240
1287686816
1286823736
1287603776
1285866808
1287513648
1285359304
1285526472
1285685000
1210017600
1209413792
1286104064
1212058296
1285594160
1203182312
1285782328
1285426032
1202226400
1287076104
1286224784
1286395672
1286482080
1286047536
1209390816
1287510168
1286219744
1286205584
1287237400
1285434312
1204289120
1202225560
1285599920
1286726528
1286022936
1202238464
1287341920
1285787368
1286192984
1286037096
1285525272
1286470800
1286898736
1209404136
1287414048
1210605568
1286378872
1201782264
1287432888
1287002064
1287663056
1210013760
1287515208
1204303280
1286631608
1287512328
1286644328
1243855312
1285790848
1212357112
1243864848
1209394832
1285758208
1286393392
1209988080
1203193528
1286816656
1201812984
1287679856
1201798344
1243863048
1285427232
1285859728
1285342984
1287253000
1287601376
1286304952
1286284912
1287327520
1286893936
1286217344
1202245240
1287688016
1286308672
1203167312
1285342624
1209388056
1286201144
1286122544
1286981064
1287575216
1286032896
1286973264
1287587336
1243856504
1243865448
1201812864
1286817616
1287061944
1285431552
1212331856
1286112104
1286390872
1286480880
1286973024
1209990904
1287323440
1203168512
1286819776
1287340720
1209417696
1212319136
1209983280
1286286472
1212343672
1287002304
1285878328
1285421232
1287604976
1286637968
1287679736
1287573416
1286454600
1287417408
1203173248
1286121344
1203189208
1287583976
1286643608
1285700600
1212074856
1287337240
1286289592
1286279392
1202227120
1212354536
1286465760
1285529472
1286653208
1287238960
1286200544
1203194368
1212078216
1287414288
1286911096
1211278200
1286810056
1286645648
1243877328
1286112824
1286196344
1286028096
1286649608
1287414768
1212091176
1285358704
1203186992
1286035536
1203174448
1286987904
1287061824
1209403656
1286825896
1286128184
1286999544
1285351384
1286106944
1285781368
1211283424
1286632808
1212318648
1285345624
1286644928
1285421112
1243865208
1286034096
1204294344
1287067344
1202221664
1287488088
1285782928
1201807760
1285505712
1286888416
1286123264
1211291760
1212063336
1287661976
1212319256
1286738768
1287511968
1285343104
1287601976
1286478360
1287499488
1285685360
1287065064
1286381392
1286629688
1286307112
1286387992
1204310784
1203183032
1211282464
1287693296
1287250600
1286459760
1285431672
1287575576
1209415112
1287255520
1286818096
1287324280
1287602816
1286457720
1286130944
1287493488
1285444512
1286903176
1286637248
1285510752
1212349496
1286133704
1286976144
1286134424
1286997624
1287500688
1285429752
1287421248
1210022344
1287249640
1204303400
1285445112
1287404808
1201807400
1286742608
1287605936
1212357232
1287072384
1286278072
1286279752
1203174088
1210014360
1286480760
1285418352
1286810416
1204300640
1286017536
1286639528
1287418008
1287668576
1285765048
1286648288
1287249520
1210612472
1285427592
1287490728
1211289840
1286905216
1286985264
1287581576
1286971704
1212345472
1204296744
1286293192
1286124104
1287595376
1285693640
1285613360
1286642888
1287494808
1286130224
1286651288
1287074304
1286107304
1212330232
1285781248
1285610960
1285333144
1285699400
1286116544
1204308744
1286915536
1286474640
1204295784
1287501048
1286819656
1285327504
1285619720
1285682480
1212095136
1204310184
1285354744
1209397352
1211278560
1287682016
1210002480
1285428072
1243857232
1212063096
1287250960
1286479920
1286375152
1287325600
1286024856
1287069624
1243864368
1287346960
1202218544
1212066640
1285705880
1285863208
1285439112
1286968464
1210628192
1287246160
1287330160
1286827816
1287322840
1285344064
1287603416
1287687416
1286206424
1286293432
1287574376
1202234864
1212317456
1286724608
1286989464
1285793008
1212348416
1210610792
1286884816
1287085584
1285612160
1212321176
1285509192
1287661376
1287493128
1204316960
1286211824
1286653448
1286979984
1285525752
1286455680
1286908336
1287505488
1285608320
1212062856
1286647328
1285510632
1286193344
1211287264
1286459400
1287432528
1287494448
1285775968
1287683936
1286641448
1285425792
1202226760
1287000384
1286309992
1204308384
1286383552
1287248920
1285425312
1286034816
1287069144
1210593752
1209990424
1201812384
1285615520
1286371192
1212319376
1286213024
1285534272
1287663416
1287086904
1287514488
1285600040
1286122304
1287260200
1212330112
1285516152
1203178048
1287067464
1204296984
1286309512
1285512672
1287432168
1286890696
1286884576
1285350544
1285849768
1212064960
1286374792
1286970024
1286107064
1286630408
1210604008
1286201624
1287325480
1285792048
1286123024
1286820016
1285440072
1212068680
1209390936
1285336024
1287082104
1286284672
1285847368
1286829016
1285526352
1286627888
1203176368
1286389312
1202243680
1286636408
1210589248
1287667856
1204314024
1285688720
1287325120
1285762648
1287239680
1287066984
1286045256
1287604136
1287588056
1286194664
1287665216
1286989584
1243869104
1286378032
1286297032
1212065560
1285353904
1286646248
1202230840
1204310664
1203174208
1287252880
1286983224
1209396152
1203166232
1286641088
1209389616
1209984120
1287414168
1285435272
1212062376
1286213144
1286726768
1286363152
1285601960
1285764808
1285613000
1286302672
1286128904
1286807536
1286035656
1203192688
1202213800
1285513512
1287080424
1285759048
1285341904
1286111504
1286906896
1286195864
1203160528
1211287504
1209418416
1287682736
1287418488
1287059664
1287232720
1287412608
1212098080
1285775488
1287321400
1287065784
1285523592
1287054504
1211292960
1286736128
1202218064
1286128664
1285514712
1210629152
1286376232
1209391056
1287603656
1285620440
1286397472
1209403416
1287606056
1209381632
1286288272
1285695800
1203181832
1286459880
1210015440
1287504888
1202219264
1287419928
1286902216
1210629992
1285342024
1285348384
1287082224
1286977104
1285601720
1287431568
1287245440
1286132864
1287248560
1287326680
1285706960
1212328792
1204301960
1285511352
1286029656
1212056976
1287327160
1285361584
1287323920
1287505968
1285357624
1212076536
1202234744
1285785568
1286384392
1211283664
1286631968
1287589136
1286458440
1286049456
1286477760
1285678952
1286388952
1285692440
1286465880
1286378272
1202212840
1210614272
1286044176
1285874128
1286742968
1210000320
1287593816
1285594040
1286311672
1243853632
1287000504
1286283112
1285343824
1285679480
1286881576
1285361344
1286045976
1286826136
1286634128
1209395912
1204304240
1287079464
1202233304
1287488208
1287498888
1243861128
1286828176
1286823496
1287260560
1286216144
1285615400
1286823136
1212358552
1287251440
1285341664
1286041416
1287083424
1286911576
1203164312
1286304712
1285339024
1287601136
1209379352
1211290440
1286281792
1286813176
1286017416
1210610192
1286105384
1286194424
1202221784
1285691240
1287490128
1286033496
1286741288
1287499368
1209399152
1285616120
1287337000
1287576056
1286291152
1204313304
1204311624
1286218064
1286969904
1286197304
1287324760
1286297512
1286889256
1285328344
1210625552
1285679240
1286139344
1286297752
1286641328
1285773808
1212077496
1286197904
1287064584
1212093456
1287343360
1286136704
1204295664
1286910616
1286970264
1202222744
1287334240
1287003144
1287499008
1209399752
1209403296
1204284080
1204283064
1287496728
1285513992
1285436832
1210625432
1286628608
1285438992
1286814616
1287601616
1210588768
1210612712
1287346840
1287321520
1285862368
1285771648
1209382232
1212060096
1286298232
1287594536
1286223224
1211289720
1286378632
1287071544
1285417152
1209392256
1286205464
1287573896
1286472000
1287065664
1287663656
1285426752
1285350424
1286106464
1285331104
1286452920
1286816776
1286891056
1212320448
1243884712
1204295424
1287508488
1212325672
1285419912
1210600288
1286459040
1285415112
1212061896
1286135144
1211285464
1287063744
1287605456
1212343912
1286987304
1286115104
1286733008
1286483760
1286981184
1211281504
1211281384
1285680200
1287074784
1212325912
1287577856
1287669776
1285762528
1286307712
1203190048
1286985384
1209381152
1286209304
1204316600
1210602928
1204303520
1287590696
1212324832
1286809696
1285610600
1286026296
1210010104
1286728448
1286982984
1204312824
1203169832
1212089496
1286042856
1286371672
1210023064
1285875448
1286970864
1285703600
1286108984
1285701200
1285613240
1287401568
1287665336
1286468160
1203175528
1286294152
1286460960
1285610840
1285769248
1286291032
1286466720
1286813656
1212356392
1285351984
1287066024
1212059136
1285856848
1287593696
1287331120
1209389136
1285416672
1202211520
1286815456
1287421848
1203183872
1287515568
1210612952
1287403248
1287332800
1285332304
1285780888
1286743688
1286306872
1286397232
1287314680
1285607000
1203165992
1286656568
1287580256
1285445952
1243886632
1211283184
1203196712
1286971584
1287425448
1286739488
1286214944
1287084504
1287246760
1286305552
1285531032
1286734088
1287236440
1285788808
1285611800
1210625312
1209994504
1201780224
1286477520
1287325960
1203180632
1285427712
1287587696
1203184592
1286480160
1286632568
1210594952
1204305680
1286651168
1202243920
1286452080
1287058344
1287243400
1285361944
1285593440
1204294584
1285879648
1209419976
1286116664
1286032296
1286202464
1286291752
1285855648
1286198624
1285697720
1212343552
1203164672
1286310712
1287588776
1287314920
1210023304
1287501768
1286807296
1286373592
1286809456
1212099520
1287055344
1287072264
1287341200
1212096760
1287347080
1286978304
1285781608
1285330144
1285430592
1285683560
1203178768
1212067240
1286904136
1203177928
1203175048
1287002784
1287339880
1210604848
1202234624
1285762888
1209382832
1210594592
1286801656
1285845208
1287329080
1285357024
1286908696
1286136344
1287604616
1210616608
1202230480
1212358312
1285856368
1285430832
1286123744
1287248200
1203190648
1287250720
1286979624
1210612112
1209385656
1202219024
1210013640
1287661016
1286284432
1210003800
1287409848
1286396392
1287001584
1287055704
1286209904
1204318760
1287338080
1203174688
1210597712
1202227480
1285847488
1286196824
1285415232
1287516408
1285777888
1285436712
1285330984
1286368672
1285432512
1243890112
1286809216
1212093696
1211292240
1210016520
1285758688
1285854688
1285873528
1285861648
1286377432
1286817976
1204319480
1210016640
1285594280
1285423272
1204313664
1285425192
1212084760
1286464680
1212322616
1286631848
1202211760
1286389432
1286983704
1287239560
1201788800
1286210504
1286307352
1287347680
1286728568
1212352376
1286283352
1285701080
1287598016
1285877368
1212353696
1209989344
1286031096
1287660776
1204305920
1287404448
1285684640
1285520112
1285782688
1285429632
1285517232
1204309104
1287076944
1212322368
1285782088
1285679720
1212097360
1287247120
1286741408
1203196344
1287573056
1286644208
1286120864
1287057744
1287686336
1287665816
1209399632
1212324232
1287669656
1287680096
1203172888
1285611680
1286983344
1212341152
1210603648
1286309272
1287061584
1287229960
1286732528
1286116184
1287587816
1212065320
1287066504
1286380432
1286462280
1210016400
1286194184
1286280952
1286629568
1209394472
1286807176
1202218424
1286801896
1285872088
1286289112
1285594880
1285601840
1243890952
1287239200
1209380912
1209404016
1287243160
1286020776
1201810944
1203167432
1212349256
1285354984
1287502968
1286453040
1287054864
1286458080
1202233064
1286980344
1286991864
1287260800
1286109584
1287324520
1209991504
1286470080
1201806800
1286995824
1202218304
1201790720
1287084744
1212329392
1201780464
1287253960
1243861968
1287075624
1285700840
1212324952
1285425672
1286388352
1285442232
1287257560
1285698320
1287248680
1286284192
1286129384
1286132264
1286481960
1209378152
1286628728
1286639408
1287075144
1285847008
1286895136
1285602800
1204287920
1286914336
1287598256
1212089136
1287346240
1286991744
1286994264
1285359064
1204289480
1287662096
1202244640
1286724848
1209418296
1286292832
1287666416
1285866088
1285520832
1286803936
1286457600
1204292424
1287079104
1286475360
1287236800
1287589616
1285359904
1285344664
1203177448
1287680696
1286802856
1286817496
1286206664
1285413312
1210602568
1212344512
1287328360
1287688256
1286370592
1287692696
1287347200
1212318528
1287317800
1212063216
1285690400
1286220944
1209406896
1287599456
1212324592
1209419496
1287255280
1287333520
1202244280
1286021256
1285878088
1202220704
1287073104
1287409368
1286027856
1286018616
1286821696
1286648048
1287060984
1287078624
1203169232
1286224904
1287332200
1285507752
1286044536
1287685016
1204307240
1202222504
1286657408
1286656688
1286809096
1204309704
1285523352
1287582656
1204304960
1287087144
1286021736
1285784008
1287401088
1210601848
1286046096
1211281144
1287258760
1203181472
1286278312
1286455560
1287083904
1286974104
1287600296
1287494928
1286129984
1285340104
1286895256
1285704440
1285603880
1210593512
1286991624
1285605920
1202235104
1286646008
1209994984
1287067584
1285852648
1286451480
1211291880
1285784848
1285849048
1287340000
1201791560
1287227680
1286454720
1287320920
1286632688
1286045736
1286123504
1212097600
1286898256
1204288880
1285440672
1285783888
1287328960
1204298904
1286363752
1286656808
1201798464
1285787728
1286477880
1287500568
1210606288
1287074544
1286194064
1285770448
1287057384
1201779744
1287506928
1286802376
1285683200
1285419192
1287669056
1286395912
1286049936
1285763968
1286984544
1287662456
1285878568
1210022464
1285517472
1210617088
1286038296
1285414032
1287068544
1202224840
1286125784
1286650568
1286191424
1285355464
1286391712
1212087040
1203195328
1286047776
1287660416
1210014120
1286640008
1285426992
1212316848
1286819416
1287257320
1286043096
1286113904
1287060264
1287494088
1212091656
1287245800
1212057216
1286378392
1287504048
1286977584
1212097720
1287411768
1287496848
1287077784
1286886496
1202239424
1285328584
1286821216
1287064224
1287331600
1202242240
1201799784
1286830456
1286636168
1285858288
1287337600
1212330592
1212089256
1201802720
1210603288
1286481240
1286222504
1286025216
1287321280
1286475720
1287581096
1286309752
1286638568
1286305192
1204308624
1287412008
1287600416
1210596152
1212076416
1287230440
1286277112
1209387456
1287595016
1286214344
1203168872
1286913856
1285787968
1287675536
1287346720
1286042496
1287236080
1285789648
1204295064
1211290920
1287064464
1286903896
1243869592
1285515912
1287669176
1285430952
1286461320
1209394592
1286021976
1286192024
1285357264
1285703120
1286133464
1285691480
1285603640
1287506568
1286633768
1285850848
1285505832
1285436112
1210610072
1286301952
1287487128
1287683696
1286645288
1286652728
1285442832
1243876368
1285338904
1210611032
1286278432
1286985144
1210019520
1209982080
1203174568
1204317800
1287403368
1286469720
1212091896
1286111024
1287684296
1285856728
1210596632
1201807160
1287579056
1203169464
1286105024
1210624712
1286110784
1202232464
1212350216
1212075696
1286819176
1209377672
1287070944
1212066760
1286908576
1286048256
1209994264
1286019936
1286729048
1285328704
1287601736
1285329304
1285606760
1286278672
1285431432
1287432048
1287411528
1286028816
1286994744
1286638928
1286829256
1201795224
1286452680
1286219264
1286039256
1287336040
1201803080
1285762168
1210624232
1285758568
1212332808
1212340792
1286914816
1212326272
1287070224
1285522152
1201785560
1287242440
1285872208
1286392432
1285444872
1285425072
1285877248
1209994744
1286309032
1285854808
1287682256
1286131424
1287256240
1243859928
1287342640
1287674456
1202212000
1286627648
1286022336
1209380312
1286291512
1204290080
1285608560
1287259600
1212070000
1212346072
1285617200
1287081984
1286470680
1209404496
1286305672
1286292592
1285597520
1286886376
1287661616
1286465640
1286212664
1285527432
1286728208
1286307952
1287327040
